:020000040800F2
:1000000000A00020610B0108B10B0108B10B010831
:10001000B10B0108B10B0108B10B01080000000091
:10002000000000000000000000000000CD2A0008D1
:10003000B10B010800000000CF2A0008D12A0008F7
:10004000B10B0108B10B0108B10B0108B10B01089C
:10005000B10B0108B10B0108B10B0108B10B01088C
:10006000B10B0108B10B0108B10B0108B10B01087C
:10007000B10B0108B10B0108B10B0108B10B01086C
:10008000497B0008B10B0108B10B0108B10B010855
:10009000F9950008B10B0108B10B0108B10B01087B
:1000A000B10B0108B10B0108B10B0108B10B01083C
:1000B000B10B0108B10B0108B10B0108B10B01082C
:1000C000B10B0108B10B0108B10B0108B10B01081C
:1000D000B10B0108B10B0108B10B0108B10B01080C
:1000E000B10B0108B10B0108B10B0108B10B0108FC
:1000F000B10B0108B10B0108B10B0108B10B0108EC
:10010000000000000000000000000000B10B01082A
:10011000B10B0108B10B0108B10B0108B10B0108CB
:10012000B10B0108B10B0108B10B0108B10B0108BB
:10013000B10B0108B10B0108000000000000000035
:10014000B10B0108B10B0108B10B01080000000060
:10015000000000000000000000000000000000009F
:100160000000000000000000B10B0108B10B010805
:10017000B10B0108000000000000000000000000BA
:0801800000000000B10B0108B2
:1018000081F0004102E000BF83F0004330B54FEAB1
:1018100041044FEA430594EA050F08BF90EA020F1E
:101820001FBF54EA000C55EA020C7FEA645C7FEAB1
:10183000655C00F0E2804FEA5454D4EB5555B8BFD4
:101840006D420CDD2C4480EA020281EA030382EA45
:10185000000083EA010180EA020281EA0303362DD7
:1018600088BF30BD11F0004F4FEA01314FF4801CAA
:101870004CEA113102D0404261EB410113F0004FBC
:101880004FEA03334CEA133302D0524263EB430373
:1018900094EA050F00F0A780A4F10104D5F1200E11
:1018A0000DDB02FA0EFC22FA05F2801841F100016C
:1018B00003FA0EF2801843FA05F359410EE0A5F140
:1018C00020050EF1200E012A03FA0EFC28BF4CF071
:1018D000020C43FA05F3C01851EBE37101F0004527
:1018E00007D54FF0000EDCF1000C7EEB00006EEB34
:1018F0000101B1F5801F1BD3B1F5001F0CD34908BE
:101900005FEA30004FEA3C0C04F101044FEA445214
:1019100012F5800F80F09A80BCF1004F08BF5FEA9B
:10192000500C50F1000041EB045141EA050130BD7B
:101930005FEA4C0C404141EB0101013C28BFB1F58D
:10194000801FE9D291F0000F04BF01460020B1FAD8
:1019500081F308BF2033A3F10B03B3F120020CDAAB
:101960000C3208DD02F1140CC2F10C0201FA0CF089
:1019700021FA02F10CE002F11402D8BFC2F1200CEE
:1019800001FA02F120FA0CFCDCBF41EA0C019040A4
:10199000E41AA2BF01EB0451294330BD6FEA0404ED
:1019A0001F3C1CDA0C340EDC04F11404C4F12002D8
:1019B00020FA04F001FA02F340EA030021FA04F3EA
:1019C00045EA030130BDC4F10C04C4F1200220FA41
:1019D00002F001FA04F340EA0300294630BD21FA7F
:1019E00004F0294630BD94F0000F83F4801306BF45
:1019F00081F480110134013D4EE77FEA645C18BF39
:101A00007FEA655C29D094EA050F08BF90EA020FCF
:101A100005D054EA000C04BF1946104630BD91EAC7
:101A2000030F1EBF0021002030BD5FEA545C05D1CA
:101A30004000494128BF41F0004130BD14F5800409
:101A40003CBF01F5801130BD01F0004545F0FE417D
:101A500041F470014FF0000030BD7FEA645C1ABFB2
:101A6000194610467FEA655C1CBF0B46024650EAE9
:101A7000013406BF52EA033591EA030F41F4002115
:101A800030BD00BF90F0000F04BF0021704730B59B
:101A90004FF4806404F132044FF000054FF0000170
:101AA00050E700BF90F0000F04BF0021704730B531
:101AB0004FF4806404F1320410F0004548BF404206
:101AC0004FF000013EE700BF42004FEAE2014FEA5B
:101AD00031014FEA02701FBF12F07F4393F07F4F36
:101AE00081F06051704732F07F4208BF704793F039
:101AF0007F4F04BF41F40021704730B54FF460744C
:101B000001F0004521F000411CE700BF50EA01024E
:101B100008BF704730B54FF000050AE050EA0102F7
:101B200008BF704730B511F0004502D5404261EB67
:101B300041014FF4806404F132045FEA915C3FF4A8
:101B4000D8AE4FF003025FEADC0C18BF03325FEA45
:101B5000DC0C18BF033202EBDC02C2F1200300FAF6
:101B600003FC20FA02F001FA03FE40EA0E0021FA1B
:101B700002F11444BDE600BF70B54FF0FF0C4CF409
:101B8000E06C1CEA11541DBF1CEA135594EA0C0FBB
:101B900095EA0C0F00F0DEF82C4481EA030621EAF6
:101BA0004C5123EA4C5350EA013518BF52EA033531
:101BB00041F4801143F4801338D0A0FB02CE4FF0E3
:101BC0000005E1FB02E506F00042E0FB03E54FF013
:101BD0000006E1FB03569CF0000F18BF4EF0010E0B
:101BE000A4F1FF04B6F5007F64F5407404D25FEA07
:101BF0004E0E6D4146EB060642EAC62141EA5551BA
:101C00004FEAC52040EA5E504FEACE2EB4F1FD0CFB
:101C100088BFBCF5E06F1ED8BEF1004F08BF5FEA79
:101C2000500E50F1000041EB045170BD06F000462B
:101C300046EA010140EA020081EA0301B4EB5C04D8
:101C4000C2BFD4EB0C0541EA045170BD41F48011D0
:101C50004FF0000E013C00F3AB8014F1360FDEBFF5
:101C6000002001F0004170BDC4F10004203C35DAD1
:101C70000C341BDC04F11404C4F1200500FA05F354
:101C800020FA04F001FA05F240EA020001F00042F5
:101C900021F0004110EBD37021FA04F642EB06016B
:101CA0005EEA430E08BF20EAD37070BDC4F10C0495
:101CB000C4F1200500FA04F320FA05F001FA04F259
:101CC00040EA020001F0004110EBD37041F1000145
:101CD0005EEA430E08BF20EAD37070BDC4F1200550
:101CE00000FA05F24EEA020E20FA04F301FA05F2B8
:101CF00043EA020321FA04F001F0004121FA04F260
:101D000020EA020000EBD3705EEA430E08BF20EA2F
:101D1000D37070BD94F0000F0FD101F00046400069
:101D200041EB010111F4801F08BF013CF7D041EAEB
:101D3000060195F0000F18BF704703F000465200EF
:101D400043EB030313F4801F08BF013DF7D043EAC0
:101D50000603704794EA0C0F0CEA135518BF95EA76
:101D60000C0F0CD050EA410618BF52EA4306D1D1FD
:101D700081EA030101F000414FF0000070BD50EA1C
:101D8000410606BF1046194652EA430619D094EAA6
:101D90000C0F02D150EA013613D195EA0C0F05D190
:101DA00052EA03361CBF104619460AD181EA0301E4
:101DB00001F0004141F0FE4141F470014FF000009C
:101DC00070BD41F0FE4141F4780170BD70B54FF037
:101DD000FF0C4CF4E06C1CEA11541DBF1CEA1355B7
:101DE00094EA0C0F95EA0C0F00F0A7F8A4EB050499
:101DF00081EA030E52EA03354FEA013100F0888090
:101E00004FEA03334FF0805545EA131343EA126358
:101E10004FEA022245EA111545EA10654FEA00260D
:101E20000EF000419D4208BF964244F1FD0404F5C6
:101E3000407402D25B084FEA3202B61A65EB030522
:101E40005B084FEA32024FF480104FF4002CB6EBDF
:101E5000020E75EB030E22BFB61A754640EA0C005F
:101E60005B084FEA3202B6EB020E75EB030E22BF9F
:101E7000B61A754640EA5C005B084FEA3202B6EBE0
:101E8000020E75EB030E22BFB61A754640EA9C009F
:101E90005B084FEA3202B6EB020E75EB030E22BF6F
:101EA000B61A754640EADC0055EA060E18D04FEA2D
:101EB000051545EA16754FEA06164FEAC30343EACD
:101EC00052734FEAC2025FEA1C1CC0D111F4801F9A
:101ED0000BD141EA00014FF000004FF0004CB6E793
:101EE00011F4801F04BF01430020B4F1FD0C88BF32
:101EF000BCF5E06F3FF6AFAEB5EB030C04BFB6EB3D
:101F0000020C5FEA500C50F1000041EB045170BD2F
:101F10000EF0004E4EEA113114EB5C04C2BFD4EB5C
:101F20000C0541EA045170BD41F480114FF0000EE0
:101F3000013C90E645EA060E8DE60CEA135594EA5C
:101F40000C0F08BF95EA0C0F3FF43BAF94EA0C0F5F
:101F50000AD150EA01347FF434AF95EA0C0F7FF4D4
:101F600025AF104619462CE795EA0C0F06D152EA28
:101F700003353FF4FDAE1046194622E750EA41060C
:101F800018BF52EA43067FF4C5AE50EA41047FF41D
:101F90000DAF52EA43057FF4EBAE12E74FF0FF3C82
:101FA00006E000BF4FF0010C02E000BF4FF0010C53
:101FB0004DF804CD4FEA410C7FEA6C5C4FEA430CCC
:101FC00018BF7FEA6C5C1BD001B050EA410C0CBF1B
:101FD00052EA430C91EA030F02BF90EA020F00207D
:101FE000704710F1000F91EA030F58BF994208BFE4
:101FF00090422CBFD8176FEAE37040F001007047A1
:102000004FEA410C7FEA6C5C02D150EA013C07D1F7
:102010004FEA430C7FEA6C5CD6D152EA033CD3D042
:102020005DF8040B704700BF8446104662468C463C
:102030001946634600E000BF01B5FFF7B7FF00286F
:1020400048BF10F1000F01BD4DF808EDFFF7F4FF98
:102050000CBF012000205DF808FB00BF4DF808ED23
:10206000FFF7EAFF34BF012000205DF808FB00BF46
:102070004DF808EDFFF7E0FF94BF012000205DF868
:1020800008FB00BF4DF808EDFFF7CEFF94BF01201D
:1020900000205DF808FB00BF4DF808EDFFF7C4FF16
:1020A00034BF012000205DF808FB00BF4FEA410C5F
:1020B0007FEA6C5C02D150EA013C0AD14FEA430C42
:1020C0007FEA6C5C02D152EA033C02D14FF000007F
:1020D00070474FF0010070474A0011D212F500120C
:1020E00011D20DD56FF47873B3EB62520ED44FEA70
:1020F000C12343F0004343EA505323FA02F07047F0
:102100004FF00000704750EA013002D14FF0FF302D
:1021100070474FF0000070474FEA4102B2F1E043D0
:1021200024BFB3F5001CDCF1FE5C0DD901F0004CBE
:102130004FEAC0024CEA5070B2F1004F40EB83000E
:1021400008BF20F00100704711F0804F21D113F13A
:102150003872BCBF01F00040704741F480114FEA73
:102160005252C2F11802C2F1200C10FA0CF320FAFC
:1021700002F018BF40F001004FEAC1234FEAD32319
:1021800003FA0CFC40EA0C0023FA02F34FEA430383
:10219000CCE77FEA625307D150EA01331EBF4FF00C
:1021A000FE4040F44000704701F0004040F0FE4027
:1021B00040F40000704700BF80F0004002E000BF24
:1021C00081F0004142001FBF5FEA410392EA030F22
:1021D0007FEA226C7FEA236C6AD04FEA1262D2EB6C
:1021E0001363C1BFD218414048404140B8BF5B4271
:1021F000192B88BF704710F0004F40F4000020F00A
:102200007F4018BF404211F0004F41F4000121F01F
:102210007F4118BF494292EA030F3FD0A2F1010269
:1022200041FA03FC10EB0C00C3F1200301FA03F1A7
:1022300000F0004302D5494260EB4000B0F5000FCA
:1022400013D3B0F1807F06D340084FEA310102F189
:102250000102FE2A51D2B1F1004F40EBC25008BF3B
:1022600020F0010040EA03007047490040EB000005
:10227000013A28BFB0F5000FEDD2B0FA80FCACF106
:10228000080CB2EB0C0200FA0CF0AABF00EBC25033
:1022900052421843BCBFD0401843704792F0000F21
:1022A00081F4000106BF80F400000132013BB5E774
:1022B0004FEA41037FEA226C18BF7FEA236C21D0EA
:1022C00092EA030F04D092F0000F08BF084670474F
:1022D00090EA010F1CBF0020704712F07F4F04D11D
:1022E000400028BF40F00040704712F100723CBF30
:1022F00000F50000704700F0004343F0FE4040F45A
:10230000000070477FEA226216BF08467FEA236317
:102310000146420206BF5FEA412390EA010F40F402
:10232000800070474FF0000304E000BF10F000434E
:1023300048BF40425FEA000C08BF704743F0964335
:1023400001464FF000001CE050EA010208BF704750
:102350004FF000030AE000BF50EA010208BF7047D7
:1023600011F0004302D5404261EB41015FEA010CEC
:1023700002BF84460146002043F0B64308BFA3F1E4
:102380008053A3F50003BCFA8CF2083AA3EBC253C6
:1023900010DB01FA02FC634400FA02FCC2F12002E5
:1023A000BCF1004F20FA02F243EB020008BF20F01C
:1023B0000100704702F1200201FA02FCC2F1200282
:1023C00050EA4C0021FA02F243EB020008BF20EA77
:1023D000DC7070474FF0FF0C1CEAD0521EBF1CEAA5
:1023E000D15392EA0C0F93EA0C0F6FD01A4480EA93
:1023F000010C400218BF5FEA41211ED04FF000637C
:1024000043EA501043EA5111A0FB01310CF00040A7
:10241000B1F5000F3EBF490041EAD3715B0040EACD
:10242000010062F17F02FD2A1DD8B3F1004F40EB9D
:10243000C25008BF20F00100704790F0000F0CF070
:10244000004C08BF49024CEA502040EA51207F3A34
:10245000C2BFD2F1FF0340EAC250704740F400000F
:102460004FF00003013A5DDC12F1190FDCBF00F000
:1024700000407047C2F10002410021FA02F1C2F1AE
:10248000200200FA02FC5FEA310040F1000053EA4A
:102490004C0308BF20EADC70704792F0000F00F098
:1024A000004C02BF400010F4000F013AF9D040EA9E
:1024B0000C0093F0000F01F0004C02BF490011F432
:1024C000000F013BF9D041EA0C018FE70CEAD15330
:1024D00092EA0C0F18BF93EA0C0F0AD030F0004CB0
:1024E00018BF31F0004CD8D180EA010000F0004064
:1024F000704790F0000F17BF90F0004F084691F022
:10250000000F91F0004F14D092EA0C0F01D142025B
:102510000FD193EA0C0F03D14B0218BF084608D124
:1025200080EA010000F0004040F0FE4040F400006E
:10253000704740F0FE4040F4400070474FF0FF0C01
:102540001CEAD0521EBF1CEAD15392EA0C0F93EA48
:102550000C0F69D0A2EB030280EA010C49024FEA9A
:10256000402037D04FF0805343EA111143EA101353
:102570000CF000408B4238BF5B0042F17D024FF40B
:10258000000C8B4224BF5B1A40EA0C00B3EB510FE6
:1025900024BFA3EB510340EA5C00B3EB910F24BFCF
:1025A000A3EB910340EA9C00B3EBD10F24BFA3EB54
:1025B000D10340EADC001B0118BF5FEA1C1CE0D11C
:1025C000FD2A3FF650AF8B4240EBC25008BF20F0CF
:1025D000010070470CF0004C4CEA50207F32C2BF23
:1025E000D2F1FF0340EAC250704740F400004FF0C0
:1025F0000003013A37E792F0000F00F0004C02BFF1
:10260000400010F4000F013AF9D040EA0C0093F0BA
:10261000000F01F0004C02BF490011F4000F013B14
:10262000F9D041EA0C0195E70CEAD15392EA0C0F7C
:1026300008D142027FF47DAF93EA0C0F7FF470AFB4
:10264000084676E793EA0C0F04D14B023FF44CAFF7
:1026500008466EE730F0004C18BF31F0004CCAD18C
:1026600030F000427FF45CAF31F000437FF43CAFC8
:102670005FE700BF4FF0FF3C06E000BF4FF0010CEA
:1026800002E000BF4FF0010C4DF804CD4FEA4002CC
:102690004FEA41037FEA226C18BF7FEA236C11D016
:1026A00001B052EA530C18BF90EA010F58BFB2EBC9
:1026B000030088BFC81738BF6FEAE17018BF40F049
:1026C000010070477FEA226C02D15FEA402C05D1FD
:1026D0007FEA236CE4D15FEA412CE1D05DF8040B82
:1026E000704700BF844608466146FFE70FB5FFF715
:1026F000C9FF002848BF10F1000F0FBD4DF808EDCD
:10270000FFF7F4FF0CBF012000205DF808FB00BFBD
:102710004DF808EDFFF7EAFF34BF012000205DF817
:1027200008FB00BF4DF808EDFFF7E0FF94BF012064
:1027300000205DF808FB00BF4DF808EDFFF7D2FF61
:1027400094BF012000205DF808FB00BF4DF808EDA4
:10275000FFF7C8FF34BF012000205DF808FB00BF71
:102760004FEA4002B2F1FE4F0FD34FF09E03B3EB9E
:1027700012620DD94FEA002343F0004310F0004FDE
:1027800023FA02F018BF404270474FF00000704734
:1027900012F1610F01D1420205D110F0004008BFD3
:1027A0006FF0004070474FF00000704742000ED2BB
:1027B000B2F1FE4F0BD34FF09E03B3EB126209D47C
:1027C0004FEA002343F0004323FA02F070474FF032
:1027D0000000704712F1610F01D1420202D14FF0A7
:1027E000FF3070474FF00000704700BF10F8012B1A
:1027F00011F8013B012A28BF9A42F7D0D01A70473E
:10280000034613F8012B002AFBD1181A0138704730
:1028100001F0FF01102A2BDB10F0070F08D010F891
:10282000013B013A8B422DD010F0070F42B3F6D195
:10283000F0B441EA012141EA014122F007047FF0AE
:1028400000070023F0E80256083C85EA010586EA05
:10285000010685FA47F5A3FA87F586FA47F6A5FA41
:1028600087F68EB9EED1F0BC01F0FF0102F007024D
:1028700032B110F8013B013A83EA010313B1F8D1F8
:102880000020704701387047002D06BF35460338D9
:10289000073815F0010F07D1013015F4807F02BF12
:1028A000013015F4C03F0130F0BC0138704700BF63
:1028B0000348044B834202D0034B03B118477047CF
:1028C0008C0000208C000020000000000548064B12
:1028D0001B1AD90F01EBA301491002D0034B03B11E
:1028E000184770478C0000208C000020000000007A
:1028F00010B5064C237843B9FFF7DAFF044B13B148
:102900000448AFF300800123237010BD9000002025
:1029100000000000F82F010808B5054B1BB1054960
:102920000548AFF30080BDE80840FFF7CFBF00BF08
:102930000000000094000020F82F010808B50248AC
:1029400002F0DAFE08BD00BF340D0020FEE70000F3
:1029500000B59FB00B2314934FF4803315930022DE
:10296000169201221892102119911A9202221B929A
:102970001C934FF4E0131D9314A802F007FF68BBEB
:102980000F230F930221109111904FF48062129245
:1029900013900FA803F030FA10BBE22300930390CA
:1029A0004FF48073099310230793202308936846FC
:1029B00003F040FBB0B903F00BFB0B4BA3FB003063
:1029C000800901F03BFC042001F04CFC0022114680
:1029D0004FF0FF3001F016FC1FB000BDFFF7B6FF4F
:1029E000FFF7B4FFFFF7B2FFD34D621008B50A48F6
:1029F0000A4B03600623436040F6FF73C3608360A5
:102A000002F0FCFD20B9044802F045FE10B908BDF3
:102A1000FFF79CFFFFF79AFF340D002000300040C5
:102A200008B500F0E1F9FFF793FF01200BF06AFC15
:102A3000FFF7DCFF08F07CFA0146214C2060214DB5
:102A400028460BF0ADFC204E306006F04DFC08F03F
:102A500071FB0BF043FD20680BF08CFB21682846CE
:102A600007F032FA0DF04AFA2168284606F01EFDFA
:102A700008F0AAFE0221002008F060FD2168284627
:102A80000BF046F932682168284609F075FB216889
:102A9000284609F007FB08F037FE0BF083FB09F02E
:102AA00017FC0DF03BFA07F079F909F035FAFFF75A
:102AB00045FF0BF09BFA0028EDD00BF097FCEAE7FE
:102AC000300D0020AC0000202C0D00207047704716
:102AD00008B500F09BF901F0D6FB08BD00B583B046
:102AE0001C4B9A6942F001029A619B6903F0010351
:102AF0000193019B032001F073FB002211466FF04C
:102B00000B0001F07FFB002211466FF00A0001F07C
:102B100079FB002211466FF0090001F073FB0022DF
:102B200011466FF0040001F06DFB002211466FF0BA
:102B3000030001F067FB002211466FF0010001F075
:102B400061FB002211464FF0FF3001F05BFB03B048
:102B500000BD00BF001002400368B3F1A04F00D0D9
:102B6000704700B587B003F1704303F504335A6929
:102B700042F080525A615B6903F080530093009BDE
:102B800002230193032302930023039301A94FF02F
:102B9000904002F017F907B000BD00000268154B25
:102BA0009A4200D0704700B587B003F5D633DA6992
:102BB00042F00072DA61DB6903F000730093009B5E
:102BC0004FF4C05301930223029300230393032382
:102BD00004930923059301A94FF0904002F0F2F805
:102BE00000221146142001F00DFB142001F01AFB05
:102BF00007B000BD0064004000B589B003681E4AFC
:102C0000934204D01D4A93421AD009B000BDC0239C
:102C100003931223049301230593032306930423B0
:102C2000079303A9164802F0CDF8164BDA6942F46F
:102C30000012DA61DB6903F400130193019BE4E7FE
:102C40004FF4C063039312230493012305930323DA
:102C500006930423079303A94FF0904002F0B2F8C3
:102C6000084BDA6942F48002DA61DB6903F480031D
:102C70000293029BC9E700BF005400400058004087
:102C800000040048001002400268114B9A4200D034
:102C9000704700B587B003F5E633DA6942F40032D5
:102CA000DA61DB6903F400330093009B0C2301938A
:102CB0000223029301230393032304930723059321
:102CC00001A94FF0904002F07DF807B000BD00BFB1
:102CD00000440040124B1A6842F001021A60596821
:102CE000104A0A405A601A6822F0847222F4803234
:102CF0001A601A6822F480221A605A6822F4FE02CE
:102D00005A60DA6A22F00F02DA62196B064A0A4048
:102D10001A6300229A60054B4FF000629A60704778
:102D2000001002400CC07FF8CCFC00FF00ED00E07A
:102D30001D4B5B6803F00C03042B11D0082B13D040
:102D4000002B2DD1194B1A4A1A60174B5B68C3F33D
:102D50000313184AD15C154A1368CB4013607047BF
:102D6000124B134A1A60F0E70F4A53685268C3F3D4
:102D70008343023312F4803F05D10F4A02FB03F371
:102D80000A4A1360E1E7084AD16A01F00F010131F4
:102D9000074AB2FBF1F202FB03F3044A1360D4E7E3
:102DA000024B034A1A60D0E70010024000000020E6
:102DB00000127A003430010800093D0010B50446C5
:102DC000074B1868074BA3FB0030800901F036FA67
:102DD000002221464FF0FF3001F014FA002010BD10
:102DE00000000020D34D621008B5074A136843F075
:102DF00010031360032001F0F3F90020FFF7DEFF5A
:102E0000FFF76CFE002008BD00200240024A136854
:102E100001331360704700BF480D0020014B186854
:102E2000704700BF480D002010B582B00190FFF739
:102E3000F5FF0446FFF7F2FF001B019B9842F9D310
:102E400002B010BD38B50268936803F00303012B8C
:102E500001D0002038BD0446136813F0010F2ED0B6
:102E6000936803F00D03012B09D0436C43F010036A
:102E70004364836C43F0010383640120EAE79368B1
:102E800043F002039360036803221A60FFF7C6FF52
:102E9000054623689B6813F0010F0ED0FFF7BEFFB5
:102EA000401B0228F5D9636C43F010036364A36CE4
:102EB00043F00103A3640120CCE70020CAE700200F
:102EC000C8E7000038B504460268936803F00303BE
:102ED000012B0DD09168184B19420FD0636C43F051
:102EE00010036364A36C43F00103A364012038BDA5
:102EF000136813F0010FEDD00020F8E7936843F05A
:102F000001039360FFF78AFF054623681B6813F0EF
:102F1000010F0ED1FFF782FF431B022BF5D9636C23
:102F200043F010036364A36C43F00103A364012026
:102F3000DDE70020DBE700BF3F00008030B597B041
:102F400000230093002800F035810446436C13F001
:102F5000100F52D1436CABB1002023689A6812F075
:102F6000805F03D09B6813F0005F47D0636C23F051
:102F7000120343F010036364A36C43F00103A364E2
:102F800001203BE083640365C36480F84030FFF7B1
:102F9000E3FD23689B6813F0805F01D00020DCE72D
:102FA0002046FFF74FFF636C13F0100FD5D10028B8
:102FB000D3D1636C23F4885323F0020343F002035C
:102FC00063642268936823F0405393602268936897
:102FD00043F080539360784B1B68784AA2FB03232D
:102FE0009B0C03EB83035B00009302E0009B013B1F
:102FF0000093009B002BF9D1AFE70020636C13F026
:10300000100F40F0CE80002840F0CB8023689968F4
:1030100011F0040140F0C580626C22F4817242F02C
:1030200002026264B3F1A04F16D0654A934210D0F9
:10303000DFF890C1B3F1A04F11D0614A93426CD038
:10304000614A93426DD0614A93426ED00022019250
:1030500007E0DFF87CC1EDE7DFF874C1EAE7584A22
:1030600001929A6802F00302012A62D0019B23B107
:103070009A6802F00302012A60D0DCF8083023F4D9
:10308000403362681343CCF80830E2695303A56B00
:10309000012D01D04FF480510B43E1680B43A1682F
:1030A0000B43616A01294ED0E26A012A0BD02168E4
:1030B000DFF814C1614559D00CF5807C614555D0CD
:1030C000216B11430B432268916811F00C0F0BD157
:1030D000D16821F4804121F00201D160A169626BC5
:1030E000520042EA813213432168D1F80CC0394AB8
:1030F0000CEA02021A43CA602369012B48D02268F5
:10310000136B23F00F0313630023A364636C23F09A
:10311000030343F0010363644AE04FF0A0420192CD
:103120009FE702F5807201929BE7A2F580720192FF
:1031300097E71B6813F0010FA7D197E71B6813F0FF
:10314000010FA2D199E732B9A26A013A43EA424299
:1031500042F48033A8E7626C22F0220242F020029F
:103160006264A26C42F00102A2649DE7B2F5307F76
:1031700008D0B2F5807F08D0B2F5E07FA0D14FF43F
:1031800080729DE74FF4E0729AE74FF4307297E750
:1031900021680B6B23F00F03226A013A13430B6380
:1031A000B2E7636C23F0120343F010036364012061
:1031B00017B030BD0120FBE70000002083DE1B4379
:1031C00000010050000700500004005000050050AE
:1031D0000003005007C0F0FF03689B6813F0040F62
:1031E00040F0AD8010B5044690F84030012B00F05F
:1031F000A880012380F84030FFF764FE002840F0EB
:103200009A80636C23F4706323F0010343F48073AA
:1032100063642368B3F1A04F33D04B4A934230D05C
:103220004A4A926812F01F0F30D1626C22F4801269
:103230006264DA6812F0007F05D0626C22F44052BA
:1032400042F480526264626C12F4805F3ED0A26CE1
:1032500022F00602A264002284F840201C221A6098
:103260002368B3F1A04F34D0374A934231D0374A64
:10327000926812F01F0F31D19A6842F004029A60EE
:103280005CE0334A926812F01F0FCED0B3F1A04F2A
:10329000CBD0304A9342C8D0626C42F48012626450
:1032A000294A93420CD02B4AD268C2F34062002ACA
:1032B000C9D0626C22F4405242F480526264C2E788
:1032C0004FF0A042D268C2F34062F0E70022A2644D
:1032D000C1E71F4A926812F01F0FCDD0B3F1A04F83
:1032E00009D0194A934206D0184A926802F01F0288
:1032F000052A06D1C0E7164A926802F01F02052A85
:10330000BAD0B3F1A04F09D00F4A934206D00F4A6A
:10331000926802F01F02092A06D1ADE70C4A9268B2
:1033200002F01F02092AA7D0B3F1A04FA4D0094A86
:10333000934203D1A0E7002384F8403010BD02205F
:1033400070470220FAE700BF00010050000700505C
:1033500000030050000400502DE9F04104460D46E2
:103360004669082E10D00368B3F1A04F37D04C4AFD
:10337000934231D04B4A916811F01F0F3AD1DB686C
:1033800013F0010F2DD10C262368B3F1A04F40D0CC
:10339000434A93423DD0434A926812F01F0F3DD1F9
:1033A000DB681F46FFF73AFD804623681A68324201
:1033B00044D1B5F1FF3FF8D02DB1FFF72FFD4346C3
:1033C000C01AA842F1D9636C43F00403636400237C
:1033D00084F8403003205EE002F50072CBE7324A09
:1033E000C9E7636C43F020036364002384F8403032
:1033F000012050E0936813F4404F01D10C26C3E73D
:10340000636C43F020036364002384F840300120A0
:1034100041E0254A926812F01F0FC1D0B3F1A04FCE
:10342000BED0224A9342BBD01D4A934203D01F4BC9
:10343000DB681F46B6E74FF0A043F9E7626C42F441
:1034400000726264DA6812F4406F1FD117F4005FF3
:103450001CD11A6812F0080F18D09A6812F0040FE5
:103460000CD1626C22F480726264626C12F4805F30
:103470000CD1626C42F00102626407E0626C42F0BF
:1034800020026264A26C42F00102A26417F4804F31
:1034900003D11E600020BDE8F0810020FBE700BFE3
:1034A00000010050000700500003005000040050CD
:1034B0000368186C7047000000B597B000220092B6
:1034C00090F84020012A00F021820346012280F872
:1034D00040200068826812F0040F40F00D824A68B4
:1034E000042A4ED8D0F830C002EB420252004FF00E
:1034F0001F0E0EFA02FE2CEA0E0CD1F800E00EFAB6
:1035000002F24CEA020202631868826812F00C0FA1
:1035100040F0A9800A68092A73D9D0F818C00A3A7D
:1035200002EB42024FF0070E0EFA02FE2CEA0E0CDE
:10353000D1F808E00EFA02F24CEA02028261486910
:10354000D3F800C0DCF80C20C2F3C1025200904056
:103550000A69032A00F0B38065D8012A75D0022ACF
:1035600040F0BC80DCF864E0BE4A0EEA0202D1F80A
:1035700000E040EA8E60024342F00042CCF8642052
:1035800071E0092A13D8D0F834C0053A02EB4202A0
:1035900052004FF01F0E0EFA02FE2CEA0E0CD1F86C
:1035A00000E00EFA02F24CEA02024263ACE70E2A95
:1035B00013D8D0F838C00A3A02EB420252004FF05A
:1035C0001F0E0EFA02FE2CEA0E0CD1F800E00EFAE5
:1035D00002F24CEA0202826396E7D0F83CC00F3A4E
:1035E00002EB420252004FF01F0E0EFA02FE2CEACE
:1035F0000E0CD1F800E00EFA02F24CEA0202C263AD
:1036000082E7D0F814C002EB42024FF0070E0EFA28
:1036100002FE2CEA0E0CD1F808E00EFA02F24CEA97
:10362000020242618BE7042A58D1DCF86C20DFF8F3
:1036300034E202EA0E0E0A6840EA82624EEA020EA4
:103640004EF00042CCF86C200DE0DCF860E0854ADA
:103650000EEA0202D1F800E040EA8E60024342F036
:103660000042CCF860201868826802F00302012A48
:103670006DD0CA68012A70D0D0F8B0204FF0010C8C
:10368000D1F800E00CFA0EFC22EA0C02C0F8B020DF
:103690001A68B2F1A04F00F09C807348824200F09B
:1036A0009580DFF8C8C10968102900F095801129BC
:1036B00000F0A780122900F0AA80002021E1DCF8A8
:1036C00068E0684A0EEA0202D1F800E040EA8E6043
:1036D000024342F00042CCF86820C4E7DCF86020E6
:1036E00002F0F8420868B2EB806F1FD01868426E93
:1036F00002F0F842D1F800C0B2EB8C6F1DD0186810
:10370000826E02F0F842D1F800C0B2EB8C6F19D093
:103710001868C26E02F0F842D1F800C0B2EB8C6FAC
:10372000A1D1C26E22F00042C2669CE7DCF86020A4
:1037300022F00042CCF86020D8E7426E22F000422E
:103740004266DCE7826E22F000428266E0E70268B1
:1037500012F0010F8DD00020D3E0D0F8B0204FF050
:10376000010CD1F800E00CFA0EFC42EA0C02C0F8A1
:10377000B0200A68092A14D9D3F800E0DEF818004E
:10378000093A02EB42024FF0070C0CFA02FC20EA65
:103790000C00D1F808C00CFA02F20243CEF818204F
:1037A00076E7D3F800E0DEF81400013202EB4202C3
:1037B0004FF0070C0CFA02FC20EA0C00D1F808C00C
:1037C0000CFA02F20243CEF8142061E7DFF8A0C041
:1037D00069E7DFF89CC066E7DCF8080010F4000F2A
:1037E0007FF465AFB2F1A04F18D01F4882422DD0B0
:1037F000204882422ED0204882422FD000200190C3
:103800000EE0DCF8080010F0807FEBD052E7DCF827
:10381000080010F4800FE5D0002072E012480190FB
:10382000906800F00300012828D0019830B1D0F84A
:1038300008E00EF0030EBEF1010F29D010292CD0A4
:10384000112946D012294FD000205AE04FF0A04055
:103850000190E5E700F580700190E1E7A0F5807048
:103860000190DDE700F0FF830001005000070050E9
:10387000000300500004005000050050106810F0D4
:10388000010FD2D05A6C42F020025A64012038E075
:10389000006810F0010FF5D1D0E7B2F1A04FCFD101
:1038A000DCF8082042F40002CCF80820184A12681C
:1038B0001849A1FB0212920C02EB82025200009204
:1038C00002E0009A013A0092009A002AF9D11046CB
:1038D00017E0B2F1A04FB5D1DCF8082042F08072B9
:1038E000CCF8082000200CE0DCF8082042F480022C
:1038F000CCF80820002004E05A6C42F020025A6400
:103900000120002283F8402017B000BD0220FBE711
:103910000000002083DE1B4310B54A690123934059
:10392000D0F800C0DCF8002242F00102CCF80022FE
:10393000D0F800E0DEF81C226FEA030C22EA030252
:10394000CEF81C22CA69EAB9D0F800E0DEF80C22F1
:103950000CEA0202CEF80C22B1F804E04A69CC6805
:103960004EEA044E4832046844F832E0B1F800E010
:103970004A698C684EEA044E4832046804EBC2027D
:10398000C2F804E0CA69012A23D08A69002A3ED11C
:10399000D0F800E0DEF804220CEA0202CEF804229D
:1039A0000A693AB9D0F800E0DEF814220CEA020203
:1039B000CEF814220A69012A31D00A6A012A36D0C7
:1039C0000268D2F8003223F00103C2F8003200206E
:1039D00010BDD0F800E0DEF80C221A43CEF80C221D
:1039E000B1F804E04A690C684EEA044E48320468B3
:1039F00044F832E0B1F80CE04A698C684EEA044EB3
:103A00004832046804EBC202C2F804E0BDE7D0F813
:103A100000E0DEF804221A43CEF80422C0E7D0F812
:103A200000C0DCF814221A43CCF81422C5E7016860
:103A3000D1F81C221343C1F81C32C1E7002800F062
:103A4000B68038B5044690F8393003B3022384F8C1
:103A500039302268136823F0020313602268136868
:103A600043F001031360FFF7D9F9054623685A684C
:103A700012F0010F10D1FFF7D1F9401B0A28F5D938
:103A8000032084F83900002384F8383038BD80F8EA
:103A90003830FFF783F8D9E75A6812F0010F00F0C9
:103AA0008180A269012A50D01A6822F080021A602F
:103AB000E369012B4ED02268136823F040031360A2
:103AC000236A012B4CD02268136823F02003136073
:103AD000636A012B4AD02268136823F01003136035
:103AE000A36A012B48D02268136823F008031360EF
:103AF000E36A012B46D02268136823F004031360A5
:103B0000A368E2681343226913436269134362683E
:103B1000013A21681343CB612268136823F0010343
:103B20001360FFF77BF9054623685A6812F0010F0E
:103B30002ED0FFF773F9401B0A28F5D9032084F82B
:103B40003900002384F83830A0E71A6842F0800278
:103B50001A60ADE72268136843F040031360AFE7D3
:103B60002268136843F020031360B1E722681368EA
:103B700043F010031360B3E72268136843F00803AF
:103B80001360B5E72268136843F004031360B7E7D6
:103B90005B6813F0010F05D10020E063012384F876
:103BA000393073E7042384F8393001206EE70120AF
:103BB00070470000F8B590F83830012B00F0CD8048
:103BC00004460E46012380F8383090F83930222B15
:103BD00011D0122380F8393023689A6812F0806F70
:103BE00015D19A6812F0006F69D19A6812F0805F5F
:103BF00005D002250CE0322380F83930ECE70423AD
:103C000084F83930002384F838300120A0E0002502
:103C100005F118021201995801F001019950226B27
:103C20009368002B4DD1206805F118031B01C15882
:103C3000D2F800C0D26842EA4C520A43C250226B0A
:103C4000136903F00F031361236805F118010A01DA
:103C500003EB0113586820F00F005860236803EB52
:103C600001135968206B006901435960216BC87DBD
:103C70008B7D1B0443EA0063487D43EA0023087DF3
:103C80002168034301EB0511C1F88831216BC87E1F
:103C90008B7E1B0443EA0063487E43EA0023087ED0
:103CA0002168034301EB0511C1F88C3121688B5861
:103CB00043F001038B50FFF7B1F807462CE00125D4
:103CC000A6E7D4F800C005F1180109015CF801006D
:103CD000D2F804E043EACE03D268134303434CF81E
:103CE0000130ACE726B1FFF799F8C01BB04213D9F9
:103CF000032084F83900002384F8383028E0012DAF
:103D000014D023689A68164B934314BF01230023F1
:103D1000A3B1B6F1FF3FE5D1002DF0D123689A6839
:103D2000104B934314BF01232B46F1E723689A6895
:103D30000D4B934314BF01230023E9E794F8393076
:103D4000322B06D0012384F83930002084F8380063
:103D5000F8BD222384F83930F7E70220F8E700BFE6
:103D600000000310030000040003000890F839303D
:103D7000012B03D090F83930122B4CD190F8383009
:103D8000012B4AD0012380F8383090F83930122BBB
:103D900036D0222380F839300022C263D0F800C028
:103DA000DCF8143043F48073CCF81430D0F800C041
:103DB000DCF8143043F40073CCF81430D0F800C0B1
:103DC000DCF8143043F48063CCF81430D0F800C031
:103DD000DCF8143043F40063CCF81430D0F800C0A1
:103DE000DCF8143043F40043CCF8143080F8382069
:103DF00051B90268536943F00203536108467047A2
:103E0000322380F83930C7E70268536943F0100362
:103E100053610020704702207047022070477047AE
:103E200008B50268536923F00103536190F83930F3
:103E3000122B0AD090F83930322B20D0012380F891
:103E40003930FFF7ECFF002008BD0268536923F406
:103E5000807353610268536923F4007353610268ED
:103E6000536923F4806353610268536923F4006348
:103E700053610268536923F400435361DAE7222354
:103E800080F83930DDE708B5026801F11B031B013A
:103E9000D358426B03F004039360436B9A68002A83
:103EA0007BD101F11B021201D0F800C05CF80220A6
:103EB000520D1A60026801F11B031B01D25802F077
:103EC0000202D0F834C0CCF80C2002681A445268C0
:103ED00002F00F02D0F834C0CCF8102002681A4467
:103EE0005368426BC3F30723D361036803EB0113E9
:103EF000D3F8B821436B1A75036803EB0113D3F8A9
:103F0000B8311B0A426B5375036803EB0113D3F8F6
:103F1000B8311B0C426B9375036803EB0113D3F8A4
:103F2000B8311B0E426BD375036803EB0113D3F852
:103F3000BC21436B1A76036803EB0113D3F8BC3141
:103F40001B0A426B5376036803EB0113D3F8BC31B1
:103F50001B0C426B9376036803EB0113D3F8BC315F
:103F60001B0E426BD37611BB0268D36843F020036B
:103F7000D3600268536923F00203536190F839302B
:103F8000222B1FD090F83930322B35D0012380F806
:103F9000393005F081FE002008BD01F11B0212013D
:103FA000D0F800C05CF80220D2085A6082E70268AC
:103FB000136943F0200313610268536923F010036F
:103FC0005361DBE70268536923F48073536102682D
:103FD000536923F4007353610268536923F48063C7
:103FE00053610268536923F40063536102685369A3
:103FF00023F400435361C5E7122380F83930C8E742
:104000007047000010B5044603685A6912F0010FAA
:104010000ED09968534A8A4307D09968524A8A4316
:1040200003D09A68514B934302D12046FFF7F8FE24
:1040300023685A6912F0020F03D0DB6813F0030FF4
:104040005CD123685A6912F0100F03D01B6913F07A
:10405000030F58D123689A6912F0010F0BD05A69E7
:1040600012F4807F07D05A6912F4004F03D0E26B3C
:1040700042F00102E2639A6912F0020F0BD05A6912
:1040800012F4007F07D05A6912F4004F03D0E26B9C
:1040900042F00202E2639A6912F0040F0BD05A69EF
:1040A00012F4806F07D05A6912F4004F03D0E26B0C
:1040B00042F00402E2639A6912F0700F1BD05A6951
:1040C00012F4006F17D05A6912F4004F13D09A6996
:1040D00002F07002402A2ED01AD8202A21D0302A8D
:1040E00024D0102A03D1E26B42F00802E2639A69FD
:1040F00022F070029A61E36B3BBB10BD00212046A9
:10410000FFF7C1FE9DE701212046FFF7BCFEA1E7B6
:10411000502A15D0602AEAD1E26B42F48072E26341
:10412000E5E7E26B42F01002E263E0E7E26B42F0A7
:104130002002E263DBE7E26B42F04002E263D6E793
:10414000E26B42F08002E263D1E72268536843F0F9
:1041500004035360012384F839302046FFF750FFF1
:10416000CBE700BF030000040003000800000310B9
:10417000002808DB0901C9B200F1604000F5614088
:1041800080F80013704700F00F000901C9B2014B1D
:104190001954704714ED00E000B500F00700A0F1DD
:1041A000030CBCF1040F07D8C0F1070E0430062839
:1041B00006D84FF0000C03E04FF0040E4FF0000C57
:1041C0004FF0FF3303FA0EF021EA000101FA0CF17F
:1041D00003FA0CF322EA030241EA020000BD0000E8
:1041E000074AD36823F4E0631B041B0C000200F4AD
:1041F000E060034343F0BF6343F40033D360704790
:1042000000ED00E010B50446054BD868C0F302206D
:10421000FFF7C2FF01462046FFF7AAFF10BD00BF0F
:1042200000ED00E000F01F02400901239340024A24
:1042300042F82030704700BF00E100E00138B0F1E3
:10424000807F0BD24FF0E0235861054AF02182F8BD
:1042500023100020986107221A61704701207047DF
:1042600000ED00E0042806D04FF0E022136923F0AF
:104270000403136170474FF0E022136943F0040315
:1042800013617047704708B5FFF7FCFF08BDD0F811
:1042900000C0CCF804304368102B04D00368996048
:1042A0000368DA60704703689A600368D9607047F2
:1042B00018B310B4024690F821300BB980F82030C2
:1042C000022382F82130106801686FF30D115368E2
:1042D00094682343D46823431469234354692343D4
:1042E00094692343D46923430B4303600020906304
:1042F000012382F8213010BC70470120704710B5AF
:10430000044690F82000012826D0012084F82000DF
:10431000022084F82100D4F800C0DCF8000020F06E
:104320000100CCF800002046FFF7B1FF22681368B7
:1043300043F0020313602268136843F00403136020
:104340002268136843F0080313602268136843F07F
:1043500001031360002010BD0220FCE710B50446E5
:1043600003689B4A934240F2888002F560721268AB
:1043700098498B4224D014318B4266D014318B4241
:1043800065D014318B4265D014318B4265D0143125
:104390008B4265D014318B4265D001F562718B423E
:1043A00064D014318B4263D014318B4262D014310B
:1043B0008B4202D04FF4002103E04FF4004100E0B3
:1043C00008210A4214BF01220022002A00F0B18015
:1043D0001A6812F0080F00F0AC801A6822F0080288
:1043E0001A6023687A4A934240F2FA80783A9342FC
:1043F00000F08E801432934200F0D2801432934247
:1044000000F0D0801432934200F0CF8014329342F7
:1044100000F0CE801432934200F0CD8014329342EB
:1044200000F0CC8002F56272934200F0CA80143230
:10443000934200F0C8801432934200F0C6801432D8
:10444000934262D04FF4002263E08021B9E74FF439
:104450000061B6E74FF40041B3E74FF40021B0E745
:104460004FF40001ADE74FF00061AAE70821A8E78B
:104470008021A6E74FF40061A3E7574A1268554927
:104480008B4224D014318B4227D014318B4226D05A
:1044900014318B4226D014318B4226D014318B42FA
:1044A00026D014318B4226D001F562718B4225D083
:1044B00014318B4224D014318B4223D014318B42DF
:1044C00002D04FF4002103E04FF4004100E0082146
:1044D0000A4214BF0122002277E78021F8E74FF457
:1044E0000061F5E74FF40041F2E74FF40021EFE7F8
:1044F0004FF40001ECE74FF00061E9E70821E7E73E
:104500008021E5E74FF40061E2E74FF4004200E06C
:104510000822324B5A60A36B43F00103A3630423C8
:1045200084F82130002384F82030236B0BB120461F
:1045300098472368264A934240F2FA8002F5607257
:10454000126824498B4200F0928014318B4200F0B3
:10455000D78014318B4200F0D58014318B4200F0AB
:10456000D48014318B4200F0D38014318B4200F0A0
:10457000D28014318B4200F0D18001F562718B4200
:1045800000F0CF8014318B4200F0CD8014318B428B
:1045900000F0CB8014318B4266D04FF4802167E06D
:1045A0008022B6E74FF40062B3E74FF40042B0E771
:1045B0004FF40022ADE74FF40002AAE74FF000628B
:1045C000A7E70822A5E78022A3E74FF40062A0E74F
:1045D0008000024008000240000002400004024047
:1045E000A54A934224D01432934225D014329342E8
:1045F00024D01432934224D01432934224D0143263
:10460000934224D01432934224D002F56272934232
:1046100023D01432934222D01432934221D0143248
:10462000934202D04FF4002203E04FF4004200E036
:104630000822924B5A606EE78022FAE74FF400623C
:10464000F7E74FF40042F4E74FF40022F1E74FF4AC
:104650000002EEE74FF00062EBE70822E9E7802274
:10466000E7E74FF40062E4E74FF4804100E0042103
:104670000A4214BF01220022002A00F0AE801A680C
:1046800012F0040F00F0A9801A6812F0200F03D175
:104690001A6822F004021A602368794A934240F2B1
:1046A000F380783A934200F08E801432934200F007
:1046B000CB801432934200F0C9801432934200F050
:1046C000C8801432934200F0C7801432934200F045
:1046D000C6801432934200F0C58002F562729342A4
:1046E00000F0C3801432934200F0C1801432934230
:1046F00000F0BF801432934262D04FF4802263E016
:104700004021B5E74FF48061B2E74FF48041AFE755
:104710004FF48021ACE74FF48001A9E74FF08061AE
:10472000A6E70421A4E74021A2E74FF480619FE7B8
:10473000524A126850498B4224D014318B4227D000
:1047400014318B4226D014318B4226D014318B4247
:1047500026D014318B4226D014318B4226D001F55D
:1047600062718B4225D014318B4224D014318B429C
:1047700023D014318B4202D04FF4802103E04FF458
:10478000804100E004210A4214BF0122002273E7A5
:104790004021F8E74FF48061F5E74FF48041F2E7FC
:1047A0004FF48021EFE74FF48001ECE74FF0806198
:1047B000E9E70421E7E74021E5E74FF48061E2E71C
:1047C0004FF4804200E004222E4B5A60112384F8FB
:1047D0002130E36A0BB1204698472368284A934268
:1047E00040F2FA8002F56072126823498B4200F0B1
:1047F000928014318B4200F0D78014318B4200F04C
:10480000D58014318B4200F0D48014318B4200F0FB
:10481000D38014318B4200F0D28014318B4200F0EF
:10482000D18001F562718B4200F0CF8014318B4250
:1048300000F0CD8014318B4200F0CB8014318B42DC
:1048400066D04FF4003167E04022BDE74FF480624C
:10485000BAE74FF48042B7E74FF48022B4E74FF451
:104860008002B1E74FF08062AEE70422ACE740225D
:10487000AAE74FF48062A7E7080002400000024068
:104880008000024000040240A84A934224D014321F
:10489000934225D01432934224D01432934224D030
:1048A0001432934224D01432934224D014329342CF
:1048B00024D002F56272934223D01432934222D064
:1048C0001432934221D01432934202D04FF480220A
:1048D00003E04FF4804200E00422954B5A6075E7F4
:1048E0004022FAE74FF48062F7E74FF48042F4E7A2
:1048F0004FF48022F1E74FF48002EEE74FF0806240
:10490000EBE70422E9E74022E7E74FF48062E4E7BF
:104910004FF4005100E002210A4214BF012200229C
:10492000002A00F0B3801A6812F0020F00F0AE8087
:104930001A6812F0200F03D11A6822F002021A60DE
:1049400023687C4A934240F2BA80783A934200F05E
:104950008E801432934200F09A801432934200F019
:1049600098801432934200F097801432934200F002
:1049700096801432934200F095801432934200F0F6
:10498000948002F56272934200F092801432934256
:1049900000F090801432934200F08E8014329342E3
:1049A00062D04FF4003263E02021B5E74FF400718C
:1049B000B2E74FF40051AFE74FF40031ACE74FF4EA
:1049C0000011A9E74FF00071A6E70221A4E720211A
:1049D000A2E74FF400719FE7554A126853498B4292
:1049E00024D014318B4227D014318B4226D014317D
:1049F0008B4226D014318B4226D014318B4226D0E4
:104A000014318B4226D001F562718B4225D01431CE
:104A10008B4224D014318B4223D014318B4202D0EC
:104A20004FF4003103E04FF4005100E002210A424C
:104A300014BF0122002273E72021F8E74FF4007130
:104A4000F5E74FF40051F2E74FF40031EFE74FF490
:104A50000011ECE74FF00071E9E70221E7E72021C0
:104A6000E5E74FF40071E2E74FF4005200E0022264
:104A7000314B5A60A36BA363012384F821300023D8
:104A800084F82030A36A0BB12046984710BD20223D
:104A9000EEE74FF40072EBE74FF40052E8E74FF413
:104AA0000032E5E74FF40012E2E74FF00072DFE773
:104AB0000222DDE72022DBE74FF40072D8E71B4A31
:104AC000934224D01432934225D01432934224D0FE
:104AD0001432934224D01432934224D0143293429D
:104AE0002CD0143293422CD002F5627293422BD018
:104AF000143293422AD01432934229D01432934272
:104B000002D04FF4003203E04FF4005200E00222E2
:104B1000074B5A60AEE72022FAE74FF40072F7E73E
:104B20004FF40052F4E74FF40032F1E7080002407E
:104B30000000024080000240000402404FF40012D6
:104B4000E6E74FF00072E3E70222E1E72022DFE729
:104B50004FF40072DCE700BF044B0022DA61044A24
:104B6000136943F00103136101807047500D002069
:104B7000002002400C4BDB6813F0100305D00B4AF9
:104B8000D36943F00203D3611023074AD26812F0BD
:104B9000040F06D00549CA6942F00102CA6143F018
:104BA0000403014AD360704700200240500D0020EA
:104BB000074B1B6913F0800F07D0054B054A5A605D
:104BC00002F188325A60002070470120704700BF10
:104BD000002002402301674538B50446FEF71EF960
:104BE0000546144BDB6813F0010F0AD0B4F1FF3F08
:104BF000F7D024B1FEF712F9401BA042F1D90320EF
:104C000012E00C4BDB6813F0200F02D0094B20227E
:104C1000DA60084BDB6813F0100F06D1054BDB6838
:104C200013F0040F01D1002038BDFFF7A3FF0120CE
:104C3000FAE700BF002002402DE9F0411D46244B59
:104C40001B7E012B41D004460E461746204B012205
:104C50001A764CF25030FFF7BFFF034678BB012CA9
:104C600008D0022C03D04FF004081C4607E04FF098
:104C70000208FAE74FF00108F7E70134E4B24445CF
:104C80001DD22101C1F12002A1F1200327FA01F177
:104C900005FA02F2114325FA03F3194389B206EB30
:104CA0004400FFF759FF4CF25030FFF795FF094AD7
:104CB000136923F00103136103460028DDD0044A81
:104CC000002111761846BDE8F0810223FAE700BF03
:104CD000500D002000200240064B0022DA61064BF6
:104CE0001A6942F004021A611A6942F040021A611C
:104CF000704700BF500D002000200240064B0022EC
:104D0000DA61064B1A6942F002021A6158611A69A7
:104D100042F040021A617047500D0020002002400E
:104D2000264B1B7E012B45D070B505460E46234B06
:104D300001221A760368934220D04CF25030FFF7DC
:104D40004BFF88BB4FF0FF3333606C680121AA68CA
:104D50006B6803EBC223A34227D92046FFF7CEFF9F
:104D60004CF25030FFF738FF154A136923F0020365
:104D700013610146B0B904F50064E8E74CF2503025
:104D8000FFF72AFF08B101210FE0FFF7A5FF4CF262
:104D90005030FFF721FF0146094A136923F004034D
:104DA000136102E0346000E00121044B00221A7616
:104DB000084670BD02210846704700BF500D002014
:104DC0000020024070B582B000223AE0042400E0E6
:104DD0000024B44044EA0C040235664E46F82540EF
:104DE000654C2568DC4325EA0306D1F804C01CF4B1
:104DF000803F01D043EA05065F4D2E606D6804EAEE
:104E00000506D1F804C01CF4003F01D043EA0506B2
:104E1000594D6E60AD6804EA0506D1F804C01CF473
:104E2000801F01D043EA0506534DAE60ED682C406B
:104E30004E6816F4001F01D043EA05044E4BDC60B7
:104E400001320B6833FA02F400F091804FF0010C4C
:104E50000CFA02FC1CEA0303F2D04C68022C01D0CD
:104E6000122C12D1D508083550F8254002F007065B
:104E7000B6004FF00F0E0EFA06FE24EA0E0E0C6975
:104E8000B44044EA0E0440F82540066854004FF050
:104E9000030E0EFA04FE6FEA0E0526EA0E06D1F89E
:104EA00004E00EF0030E0EFA04FE4EEA060606605B
:104EB0004E6806F1FF3EBEF1010F03D9112E01D05D
:104EC000122E14D186682E40D1F80CE00EFA04FEA2
:104ED0004EEA06068660466826EA0C06D1F804C04B
:104EE000CCF3001C0CFA02FC4CEA06064660C668CD
:104EF00035408E6806FA04FC4CEA0505C5604C682E
:104F000014F0805F9CD01D4CA56945F00105A5619A
:104F1000A46904F001040194019C9508AE1C154C91
:104F200054F8264002F00306B6004FF00F0C0CFABE
:104F300006FC24EA0C0CB0F1904F3FF449AF104C42
:104F4000A0420ED004F58064A0420CD004F5806429
:104F5000A0420AD004F58064A0423FF437AF052494
:104F600037E7012435E7022433E7032431E702B0B1
:104F700070BD00BF0000014000040140001002406D
:104F8000000400480369194201D001207047002045
:104F900070470AB1816170478162704703689A69FE
:104FA00012F0020F01D000229A6203689A6912F08F
:104FB000010F03D19A6942F001029A617047D0F85B
:104FC00000C0DCF8040020F07F7020F4593020F499
:104FD0007F7020F00300C1F3090141EA0241194347
:104FE000009B19430143CCF80410704770B5044688
:104FF0000D46164603689B6913F0100F01D100207F
:1050000070BD23689A6912F0200F12D1B5F1FF3FED
:10501000F7D025B1FDF702FF801BA842F1D920236C
:1050200084F84130002384F8423084F84030032073
:10503000E6E71022DA6123682025DD612046FFF7CC
:10504000ADFF2268536823F0FF7323F48B3323F4FE
:10505000FF7323F0010353600423636484F8415019
:10506000002384F8423084F840300120C8E770B54E
:1050700004460D46164623689B6913F0020F1CD1A7
:10508000324629462046FFF7B1FFC0B9B5F1FF3FD0
:10509000F1D025B1FDF7C2FE801BA842EBD9636CAD
:1050A00043F020036364202384F84130002384F814
:1050B000423084F84030032000E0002070BD012021
:1050C000FCE7F8B505460F4616461C462B689B695B
:1050D00037EA03030CBF4FF0010C4FF0000CB4454E
:1050E00013D1B4F1FF3FF1D02CB1FDF797FE069B31
:1050F000C01AA042EAD9202385F84130002385F860
:10510000423085F84030032000E00020F8BD70B543
:1051100005460C4616462B689B6913F0200F19D1E3
:10512000324621462846FFF761FFA8B924B1FDF7B2
:1051300075FE801BA042EED96B6C43F020036B64BC
:10514000202385F84130002385F8423085F840302F
:10515000032070BD0020FCE70120FAE770B504468B
:105160000D46164623689B6913F0040F32D1324670
:1051700029462046FFF73AFF70BB23689A6912F070
:10518000200F11D125B1FDF749FE801BA842E9D9B6
:10519000636C43F020036364202384F841300023D0
:1051A00084F84030032070BD2022DA6121684B680A
:1051B00023F0FF7323F48B3323F4FF7323F00103F5
:1051C0004B60606484F8412084F8420084F8400019
:1051D0000120E8E70020E6E70120E4E7002854D0BA
:1051E00010B5044690F84130002B3FD0242384F8BA
:1051F00041302268136823F001031360636822685A
:1052000023F0706313612268936823F40043936072
:10521000A36833B1E268012A2DD0226843F4044325
:105220009360E368022B2BD02268536843F000732D
:1052300043F400435360236962691343A169226800
:1052400043EA0123D360E369216A22680B431360B8
:105250002268136843F00103136000206064202378
:1052600084F84130206384F8420010BD80F840305B
:10527000FDF7C2FCBAE7226843F400439360D0E72D
:1052800023684FF400625A60CEE7012070472DE991
:10529000F04383B00F460A9E90F84110202940F059
:1052A000B18004469046994690F84030012B00F0BA
:1052B000AD804FF0010380F84030FDF7AFFD0546AB
:1052C0000090192301224FF400412046FFF7F9FE18
:1052D000002840F09D80212384F84130102384F879
:1052E00042306064C4F82480A4F82A906063638D1F
:1052F0009BB2FF2B0BD9FF2222854FF40053009362
:105300004FF0807339462046FFF759FE20E0628D4A
:1053100092B222854FF4005300934FF00073D2B243
:1053200039462046FFF74BFE12E0636C042B01D098
:10533000032068E0012066E0628D92B2228500239E
:1053400000934FF00073D2B239462046FFF737FE84
:10535000638D9BB2002B32D02A4631462046FFF7A0
:1053600086FE0028E1D1636A5A1C626222681B78BB
:105370009362638D9BB2013B9BB26385238D013B9E
:105380009BB22385002BE3D1638D9BB2002BDFD032
:1053900000953346024680212046FFF792FE002802
:1053A00038D1638D9BB2FF2BC6D9FF222285009096
:1053B0004FF0807339462046FFF701FEC8E72A46C2
:1053C00031462046FFF7A3FE30B1636C042B01D0B9
:1053D000032018E0012016E023682022DA6121680A
:1053E0004B6823F0FF7323F48B3323F4FF7323F014
:1053F00001034B6084F84120002384F8423084F894
:10540000403000E0022003B0BDE8F0830220FAE75C
:105410000320F8E70320F6E72DE9F04383B00F46B9
:105420000A9E90F84110202940F0B0800446904632
:10543000994690F84030012B00F0AC804FF001030A
:1054400080F84030FDF7EAFC054600901923012260
:105450004FF400412046FFF734FE002840F09C80C6
:10546000222384F84130102384F842306064C4F869
:105470002480A4F82A906063638D9BB2FF2B0BD924
:10548000FF2222854FF4105300934FF0807339466A
:105490002046FFF794FD20E0628D92B222854FF402
:1054A000105300934FF00073D2B239462046FFF7F5
:1054B00086FD12E0636C042B01D0032067E001201D
:1054C00065E0628D92B22285002300934FF0007355
:1054D000D2B239462046FFF772FD638D9BB2002B96
:1054E00031D02A4631462046FFF738FE0028E1D168
:1054F00023685A6A636A591C61621A70228D013AE4
:1055000092B22285638D9BB2013B9BB26385002AD8
:10551000E3D1638D9BB2002BDFD000953346802111
:105520002046FFF7CEFD002838D1638D9BB2FF2BBC
:10553000C7D9FF22228500904FF08073394620465C
:10554000FFF73DFDC9E72A4631462046FFF7DFFD5C
:1055500030B1636C042B01D0032018E0012016E069
:1055600023682022DA6121684B6823F0FF7323F45B
:105570008B3323F4FF7323F001034B6084F8412045
:10558000002384F8423084F8403000E0022003B069
:10559000BDE8F0830220FAE70320F8E70320F6E7EE
:1055A000034690F84120202A23D190F84020012A78
:1055B00021D0012280F84020242280F84120006878
:1055C000026822F0010202601868026822F4805228
:1055D0000260186802680A43026019680A6842F0AB
:1055E00001020A60202283F84120002083F8400055
:1055F000704702207047022070477047002846D04D
:1056000038B504460368DB6813F0070F41D1437CCB
:105610007BB302236374236845F255521A602268F3
:10562000536823F0070361680B4353602268936853
:105630006FF30B03A1680B439360E26840F6FF73BE
:105640009A4205D123681A6940F6FF739A421AD02C
:10565000FDF7E4FB05462368DA6812F0070F0CD06B
:10566000FDF7DCFB401BB0F57A7FF4D903206074B2
:105670000CE00374FFF7C1FFCBE71A696FF30B026D
:10568000E1680A431A6101236374002038BD0120D8
:1056900070470120FAE738B5037C012B2AD0044675
:1056A0000123037402234374C26840F6FF739A42D5
:1056B00016D023684CF6CC421A60FDF7AFFB0546C6
:1056C0002368DB6813F0070F0FD0FDF7A7FB401B23
:1056D000B0F57A7FF4D9032060740023237408E0C6
:1056E00003684AF6AA221A60E3E7012363740020E4
:1056F000207438BD0220FCE738B5037C012B1FD095
:1057000004460123037402234374FDF787FB054617
:105710002368DA6812F0020F0AD0FDF77FFB431B03
:10572000B3F57A7FF4D9032060740023237406E074
:105730004AF6AA221A60012363740020207438BD3F
:105740000220FCE70D4B1A6842F081021A6059688A
:105750000B4A0A405A601A6822F0847222F480329E
:105760001A601A6822F480221A6000225A60DA62F3
:105770001A639A60034B044A1A6070470010024093
:105780000CC0FFF80000002000127A0070B582B053
:105790000446036813F0010F3BD0B44B5B6803F081
:1057A0000C03042B1ED0B14B5B6803F00C03082BD9
:1057B00013D06368B3F5803F68D0002B40F092802F
:1057C00003F1804303F504331A6822F480321A602F
:1057D0001A6822F480221A605DE0A44B5B6813F41F
:1057E000803FE6D04FF4003393FAA3F39F4B1A683F
:1057F0004FF4003393FAA3F3B3FA83F303F01F03D8
:1058000022FA03F313F0010F03D06368002B00F0BA
:10581000AD82236813F0020F00F0C480934B5B68E5
:1058200013F00C0F00F09C80904B5B6803F00C03AE
:10583000082B00F08F802369002B00F0EF800122FD
:1058400092FAA2F3B3FA83F39B0003F1844303F5C6
:1058500084031A60FDF7E2FA0546022393FAA3F3E4
:10586000824B1A68022393FAA3F3B3FA83F303F08B
:105870001F0322FA03F313F0010F40F0C180FDF77C
:10588000CDFA401B0228E8D9032078E2774A136852
:1058900043F480331360754AD36A23F00F03A16881
:1058A0000B43D3626368002B36D0FDF7B7FA054689
:1058B0004FF4003393FAA3F36C4B1A684FF40033A0
:1058C00093FAA3F3B3FA83F303F01F0322FA03F36B
:1058D00013F0010F9DD1FDF7A1FA401B6428E7D911
:1058E00003204CE2B3F5A02F09D0604B1A6822F4D4
:1058F00080321A601A6822F480221A60CBE703F122
:105900008043A3F53C331A6842F480221A601A6877
:1059100042F480321A60BEE7FDF780FA05464FF484
:10592000003393FAA3F3514B1A684FF4003393FA00
:10593000A3F3B3FA83F303F01F0322FA03F313F084
:10594000010F3FF466AFFDF769FA401B6428E6D902
:10595000032014E2454B5B6813F4803F7FF46BAF88
:10596000022393FAA3F3414B1A68022393FAA3F399
:10597000B3FA83F303F01F0322FA03F313F0010FCA
:1059800003D02369012B40F0F3813848036823F0EA
:10599000F8036169F82292FAA2F2B2FA82F2914017
:1059A0000B430360236813F0080F00F08A80A3699B
:1059B000002B5FD0012292FAA2F3B3FA83F32C49B1
:1059C00041F82320FDF72AFA0546022393FAA3F2B1
:1059D00093FAA3F293FAA3F2244A526A93FAA3F336
:1059E000B3FA83F303F01F0322FA03F313F0010F5A
:1059F00067D1FDF713FA401B0228E6D90320BEE168
:105A00001A48036823F0F8036169F82292FAA2F2B7
:105A1000B2FA82F291400B430360C3E7012393FA89
:105A2000A3F3B3FA83F39B0003F1844303F58403E8
:105A300000221A60FDF7F2F90546022393FAA3F358
:105A40000A4B1A68022393FAA3F3B3FA83F303F021
:105A50001F0322FA03F313F0010FA3D0FDF7DEF9C1
:105A6000401B0228E9D9032089E100BF0010024051
:105A700080044242012393FAA3F3B3FA83F3B84AB2
:105A8000002142F82310FDF7C9F90546022393FAD5
:105A9000A3F293FAA3F293FAA3F2B24A526A93FAE8
:105AA000A3F3B3FA83F303F01F0322FA03F313F013
:105AB000010F06D0FDF7B2F9401B0228E6D90320FA
:105AC0005DE1236813F0040F00F0AB80A54BDB69A8
:105AD00013F0805F21D1A34BDA6942F08052DA6182
:105AE000DB6903F080530193019B01231E469E4B0B
:105AF0001B6813F4807F13D0E368012B24D07BBB99
:105B000003F1804303F504331A6A22F001021A629A
:105B10001A6A22F004021A621BE000231E46E6E71E
:105B2000914A136843F480731360FDF777F90546D3
:105B30008D4B1B6813F4807FDED1FDF76FF9401B9E
:105B40006428F5D903201AE1864A136A43F0010359
:105B50001362E368002B3CD0FDF760F905462EE0A8
:105B6000052B09D07F4B1A6A22F001021A621A6AC9
:105B700022F004021A62ECE77A4B1A6A42F004023D
:105B80001A621A6A42F001021A62E2E7022393FAE9
:105B9000A3F3744B5A6A022393FAA3F3B3FA83F381
:105BA00003F01F0322FA03F313F0010F38D1FDF7BE
:105BB00035F9401B41F28833984200F2DB80022322
:105BC00093FAA3F293FAA3F3002BDFD0654B1A6A82
:105BD000E1E7FDF723F9054618E0022393FAA3F362
:105BE000604B5A6A022393FAA3F3B3FA83F303F0E8
:105BF0001F0322FA03F313F0010F11D0FDF70EF982
:105C0000401B41F28833984200F2B680022393FA97
:105C1000A3F293FAA3F3002BDFD0524B1A6AE1E709
:105C2000B6BBE369002B00F0A9804E4A526802F02F
:105C30000C02082A00F0A580022B2FD04FF08073B1
:105C400093FAA3F3B3FA83F39B0003F1844303F5C0
:105C5000840300221A60FDF7E1F804464FF0007358
:105C600093FAA3F33F4B1A684FF0007393FAA3F330
:105C7000B3FA83F303F01F0322FA03F313F0010FC7
:105C80006BD0FDF7CBF8001B0228E7D9032076E0A4
:105C9000344AD36923F08053D361C2E74FF0807355
:105CA00093FAA3F3B3FA83F39B0003F1844303F560
:105CB000840300221A60FDF7B1F805464FF0007327
:105CC00093FAA3F3274B1A684FF0007393FAA3F3E8
:105CD000B3FA83F303F01F0322FA03F313F0010F67
:105CE00006D0FDF79BF8401B0228E7D9032046E0C9
:105CF0001C494B6823F47413626A206A02431343FD
:105D00004B604FF0807393FAA3F3B3FA83F39B00D5
:105D100003F1844303F5840301221A60FDF77EF842
:105D200004464FF0007393FAA3F30E4B1A684FF03A
:105D3000007393FAA3F3B3FA83F303F01F0322FA79
:105D400003F313F0010F06D1FDF768F8001B0228DA
:105D5000E7D9032013E0002011E000200FE000BF8E
:105D6000800442420010024000700040012006E022
:105D7000012004E0032002E0032000E0184602B006
:105D800070BD0120FBE700BF164B5B6803F00C02FF
:105D9000082A01D01448704703F470114FF47012B0
:105DA00092FAA2F2B2FA82F221FA02F20F49885C68
:105DB0000C4AD26A02F00F020F2191FAA1F1B1FA56
:105DC00081F1CA400A498A5C13F4803F05D0064B32
:105DD000B3FBF2F303FB00F07047064B03FB00F04C
:105DE000704700BF0010024000127A0054300108D2
:105DF0004430010800093D0070B504460D46704B63
:105E00001B6803F007038B420BD26D4A136823F023
:105E100007030B431360136803F007038B4240F042
:105E2000C880236813F0020F06D0664A536823F037
:105E3000F003A1680B435360236813F0010F7AD07D
:105E40006368012B2FD0022B42D0022292FAA2F2D9
:105E50005C4A1168022292FAA2F2B2FA82F202F0CD
:105E60001F0221FA02F212F0010F00F0A48055493E
:105E70004A6822F0030213434B60FCF7CFFF06464B
:105E80006368012B39D0022B46D04E4B5B6813F070
:105E90000C0F50D0FCF7C2FF831B41F288329342B3
:105EA000F3D9032084E04FF4003292FAA2F2454A7B
:105EB00011684FF4003292FAA2F2B2FA82F202F0C2
:105EC0001F0221FA02F212F0010FD0D101206FE07F
:105ED0004FF0007292FAA2F23A4A11684FF0007243
:105EE00092FAA2F2B2FA82F202F01F0221FA02F250
:105EF00012F0010FBBD101205AE0324B5B6803F076
:105F00000C03042B17D0FCF789FF831B41F2883266
:105F10009342F2D903204BE02A4B5B6803F00C0359
:105F2000082B08D0FCF77AFF801B41F28833984297
:105F3000F2D903203CE0224B1B6803F00703AB427D
:105F40000AD91F4A136823F007032B431360136811
:105F500003F00703AB4230D1236813F0040F06D0DF
:105F6000184A536823F4E063E1680B4353602368E5
:105F700013F0080F07D0134A536823F460532169C4
:105F800043EAC1035360FFF7FFFE0E4B5B6803F06B
:105F9000F003F02292FAA2F2B2FA82F2D3400A4A55
:105FA000D35CD840094B18600020FCF707FF0020A5
:105FB00070BD0120FCE70120FAE70120F8E700BFEF
:105FC0000020024000100240343001080000002090
:105FD000014B1868704700BF0000002008B5FFF7AC
:105FE000F7FF074B5B6803F4E0634FF4E06292FA5B
:105FF000A2F2B2FA82F2D340024AD35CD84008BD82
:10600000001002402C30010808B5FFF7E1FF074BF4
:106010005B6803F460534FF4605292FAA2F2B2FA52
:1060200082F2D340024AD35CD84008BD001002403F
:106030002C30010870B582B00446036813F4803F29
:1060400047D0914BDB6913F0805F40F0D4808E4BDA
:10605000DA6942F08052DA61DB6903F08053019320
:10606000019B01231E46894B1B6813F4807F00F0BF
:10607000C580854B1B6A13F4407320D0626802F41C
:1060800040729A421BD08048016A21F4407E4FF44E
:10609000803393FAA3F2B2FA82F2DFF8F4C1012559
:1060A0004CF8225093FAA3F3B3FA83F300224CF88E
:1060B0002320C0F820E011F0010F40F0B480724AB4
:1060C000136A23F4407361680B431362002E40F09F
:1060D000D180236813F0010F06D06B4A136B23F0B5
:1060E0000303A1680B431363236813F0020F06D068
:1060F000654A136B23F44033E1680B431363236851
:1061000013F0040F06D0604A136B23F44023216977
:106110000B431363236813F0200F06D05A4A136B06
:1061200023F01003E1690B431363236813F4003F6A
:1061300006D0554A536823F48003A16B0B43536088
:10614000236813F0400F06D04F4A136B23F020034F
:10615000216A0B431363236813F0080F06D04A4AE1
:10616000136B23F4401361690B431363236813F02B
:10617000100F06D0444A136B23F44003A1690B436C
:106180001363236813F4007F06D03F4A536823F457
:106190000003E16A0B435360236813F0800F06D0BD
:1061A000394AD36A23F4F873616A0B43D3622368D4
:1061B00013F4807F06D0344AD36A23F47853A16A5B
:1061C0000B43D362236813F4805F06D02E4A136B0F
:1061D00023F48073216B0B431363236813F4005F74
:1061E0004FD0294A136B23F40073616B0B43136385
:1061F000002002B070BD00231E4634E7234A136816
:1062000043F480731360FCF709FE05461F4B1B68BF
:1062100013F4807F7FF42DAFFCF700FE401B642851
:10622000F4D90320E5E7FCF7F9FD054618E0022361
:1062300093FAA3F3144B5A6A022393FAA3F3B3FA23
:1062400083F303F01F0322FA03F313F0010F7FF42B
:1062500036AFFCF7E3FD401B41F2883398420ED87D
:10626000022393FAA3F293FAA3F3002BDFD0064B99
:106270001A6AE1E7D36923F08053D36129E7032049
:10628000B7E70020B5E700BF0010024000700040F3
:10629000000442422DE9F04182B007460C46154603
:1062A0001E46FCF7BBFD804602E0B6F1FF3F11D170
:1062B0003A68936803EA040CAC4541D0B4F5C06F6A
:1062C000F3D1002DF1D1137BDBB28DF807309DF8AF
:1062D0000730EAE72EB1FCF7A1FD4346C01AB042F1
:1062E000E6D33A68536823F0E00353607B68B3F564
:1062F000827F0BD0BB6AB3F5005F14D0012387F80F
:106300005D30002387F85C3003201AE0BB68B3F5EA
:10631000004F02D0B3F5806FECD13A68136823F0D8
:1063200040031360E6E73A68136823F400531B0444
:106330001B0C13603A68136843F400531360DDE7E5
:10634000002002B0BDE8F0812DE9F04105460F467E
:1063500016461C46FCF762FD80462B689B6803EAE4
:10636000070CB44538D0B4F1FF3FF6D02CB1FCF7A0
:1063700055FD4346C01AA042EFD32A68536823F064
:10638000E00353606B68B3F5827F0BD0AB6AB3F563
:10639000005F14D0012385F85D30002385F85C3060
:1063A00003201AE0AB68B3F5004F02D0B3F5806F5D
:1063B000ECD12A68136823F040031360E6E72A68EB
:1063C000136823F400531B041B0C13602A68136822
:1063D00043F400531360DDE70020BDE8F08138B5D9
:1063E00004460B460D4600224FF4C051FFF752FF02
:1063F00038B92B46024680212046FFF7A5FF30B969
:1064000038BD236E43F0200323660320F8E7236E94
:1064100043F0200323660320F2E72DE9F04782B022
:1064200004460F46904699460A9DFCF7F7FC94F8FF
:106430005C30012B00F076818246012384F85C30C9
:1064400094F85D30DEB2012B40F06181002F00F046
:106450005F814246002A00F05B814846002800F038
:106460005781052384F85D3000232366C4F84080FB
:10647000A4F84690A4F84490A763A4F83E90A4F82A
:106480003C90A36AB3F5005F1AD0E368B3F5E06F00
:1064900003D8B4F84630012B1FD92268536823F47F
:1064A0008053536023681A6812F0400F03D11A68B2
:1064B00042F040021A60E368B3F5E06F2ED88AE03C
:1064C0002268136823F400531B041B0C136022681A
:1064D000136843F400531360D7E72268536843F40A
:1064E00080535360DEE72268136843F480531360DF
:1064F000B4F846307BB123689A6812F0010F0AD0D5
:10650000DA68236C1A80236C02332364B4F84630B3
:10651000013BA4F84630B5F1FF3F2BD1E38F23B9FF
:10652000B4F84620002A00F09A80002BE0D02368BF
:106530009A6812F0020FDBD0A26B1288DA60A36BAC
:106540000233A363E38F013B9BB2E387002BCFD1E0
:10655000A36AB3F5005FCBD123681A6812F0040F69
:10656000C1D15A6812F0080FBDD01A6842F4007207
:106570001A60B8E7FCF752FC5346C01AA842CDD3C4
:106580000326C5E0A36B591CA1631B781373E38F2B
:10659000013BE38736E023681A6812F0040F07D145
:1065A0005A6812F0080F03D01A6842F400721A6099
:1065B0002268136843F48053136029E0236C591C4C
:1065C0002164127B1A70B4F84630013BA4F84630BF
:1065D000B5F1FF3F3BD1E38F1BB9B4F84620002A49
:1065E0003DD0ABB12268916811F0020F10D0012BA1
:1065F000C8D9A36B1B88D360A36B0233A363E38F5B
:10660000023BE387E38F1BB9A36AB3F5005FC2D0F7
:10661000B4F84630002BDBD02268916811F0010FEE
:10662000D6D0012BCAD9D268236C1A80236C0233CE
:106630002364B4F84630023B9BB2A4F84630012BE9
:10664000C6D82268536843F480535360C0E7FCF710
:10665000E5FB5346C01AA842BDD3032658E0A36AFF
:10666000B3F5005F18D023689A6812F0100F4BD072
:10667000226E42F0020222664FF6EF729A603746AF
:1066800029462046FFF7ABFE08B120232366236E80
:10669000002B3DD13E463BE02B46012211462046D1
:1066A000FFF752FEE0B9E368B3F5706F1ED02368C0
:1066B0001B7BDBB2ADF80630BDF80630236B022B36
:1066C000D1D12B46012211462046FFF73DFEA8B945
:1066D00023681B7BDBB2ADF80630BDF80630C2E79D
:1066E000236E43F002032366032611E02368DB6870
:1066F0009BB2ADF80630BDF80630B4E7236E43F028
:1067000002032366032603E000231F46B8E70226A0
:10671000012384F85D30002384F85C30304602B0F9
:10672000BDE8F0870226F9E710B5044690F86A0044
:1067300020282CD169B372B394F86830012B2CD087
:10674000012384F868306165A4F858200023E366CB
:10675000222384F86A30636E11489862636E114890
:10676000D862636E10481863206813460A4600F129
:106770002401606EFDF7C3FD2268936843F0400377
:1067800093604FF0000384F86830002000E002209E
:1067900010BD0120FCE70120FAE70220F8E700BF66
:1067A000AF670008DD670008E9670008704708B5B3
:1067B0000346406A1B681B6813F0200F0AD10023B0
:1067C000A0F85A300268936823F0400393602023B6
:1067D00080F86A30FFF7EAFF08BD704708B5406AE5
:1067E000FFF7FBFF08BD704708B5406A0023A0F81B
:1067F0005A30A0F85230202380F8693080F86A308F
:10680000C36E43F01003C366FFF7EDFF08BD000041
:1068100038B50446836802691A4343691A43C36959
:106820001A4301680B6823F4164323F00C03134347
:106830000B600268536823F44053C1680B435360F4
:106840008369026A1A4301688B6823F43063134337
:106850008B6003689B4A934226D09B4A934235D073
:106860009A4A934247D09A4A934259D0994A9342BE
:106870006AD01025E269B2F5004F00F0A180022D28
:1068800000F0088140F2E880042D00F00F81082D0F
:1068900040F0F38061684A0802F50042B2FBF1F271
:1068A00092B2DA600025BFE002F55842126B02F0A6
:1068B0000302022A5CD005D8002A5BD0012A5BD1F2
:1068C0000425D7E7032A59D10225D3E702F5E6329A
:1068D000126B02F44032B2F5003F51D006D8002AC4
:1068E00050D0B2F5803F4FD10425C3E7B2F5403F09
:1068F0004CD10225BEE702F5E432126B02F44022CD
:10690000B2F5002F44D006D8002A43D0B2F5802F2C
:1069100042D10425AEE7B2F5402F3FD10225A9E7C9
:1069200002F5E232126B02F44012B2F5001F37D0CA
:1069300005D8BAB3B2F5801F36D104259AE7B2F56F
:10694000401F33D1022595E702F5E032126B02F4C5
:106950004002B2F5000F2BD005D85AB3B2F5800F24
:106960002AD1042586E7B2F5400F27D1022581E719
:1069700008257FE701257DE710257BE7102579E7CE
:10698000082577E7154675E7102573E7102571E7A9
:1069900008256FE715466DE710256BE7102569E7B9
:1069A000082567E7154665E7102563E7102561E7C9
:1069B00008255FE715465DE710255BE7102559E7D9
:1069C000022D33D00CD9042D3BD0082D19D162688B
:1069D000530803F58033B3FBF2F39BB200251CE0B0
:1069E00095B1012D0AD1FFF70FFB6268530803EB45
:1069F0004003B3FBF2F39BB200250EE00125002318
:106A00000BE00125002308E0FFF7E8FA626853086D
:106A100003EB4003B3FBF2F39BB223F00F02C3F38B
:106A2000420313432268D360284638BD6268530886
:106A300003F5740303F51053B3FBF2F39BB2002587
:106A4000EBE7FFF7A1F96268530803EB4003B3FBE0
:106A5000F2F39BB20025E0E78DB1012D0BD1FFF7DA
:106A6000D3FA626800EB5203B3FBF2F322689BB2E5
:106A7000D3600025D8E70125D6E70125D4E7FFF745
:106A8000ADFA626800EB5203B3FBF2F322689BB2EB
:106A9000D360C9E761684A0802F5F40202F5905232
:106AA000B2FBF1F292B2DA600025BDE7FFF76CF9B4
:106AB000626800EB5203B3FBF2F322689BB2D3602F
:106AC0000025B1E700380140004400400048004084
:106AD000004C004000500040436A13F0010F06D004
:106AE0000268536823F40033816A0B435360436A9E
:106AF00013F0020F06D00268536823F48033C16A92
:106B00000B435360436A13F0040F06D002685368C6
:106B100023F48023016B0B435360436A13F0080F87
:106B200006D00268536823F40043416B0B43536063
:106B3000436A13F0100F06D00268936823F4805361
:106B4000816B0B439360436A13F0200F06D00268F9
:106B5000936823F40053C16B0B439360436A13F0B3
:106B6000400F0AD00268536823F48013016C0B4372
:106B70005360036CB3F5801F0BD0436A13F0800F92
:106B800006D00268536823F40023816C0B435360E2
:106B900070470268536823F4C003416C0B43536091
:106BA000EBE72DE9F04105460E4617461C46FCF77B
:106BB00035F9804667B32B68DA6936EA020257D1A5
:106BC000B4F1FF3FF7D02CB1FCF728F94346C01AC7
:106BD000A042F0D92A68136823F0800313602A6862
:106BE000136823F0200313602A68136823F480736A
:106BF00013602A68936823F001039360202385F8CB
:106C0000693085F86A30002385F8683003202DE06C
:106C10002B68DB6936EA030327D0B4F1FF3FF7D0D6
:106C20002CB1FCF7FBF84346C01AA042F0D92A6801
:106C3000136823F0800313602A68136823F020038D
:106C400013602A68136823F4807313602A689368BA
:106C500023F001039360202385F8693085F86A30BA
:106C6000002385F86830032000E03846BDE8F08155
:106C70000020FBE770B51E4690F86930202B44D108
:106C800004460D46002942D0002A42D090F86830D0
:106C9000012B40D0012380F868300023C3662123F4
:106CA00080F86930A0F85020A0F8522005E029466D
:106CB000236811F8012B1A850D46B4F85220BAB199
:106CC000013AA4F852203346002280212046FFF7E3
:106CD00068FF10BBA368B3F5805FE8D12369002B80
:106CE000E5D135F8023B2268C3F308031385E4E7D6
:106CF000334640212046FFF754FF80B9202384F813
:106D00006930002384F8683000E0022070BD012063
:106D1000FCE70120FAE70220F8E70320F6E703206A
:106D2000F4E710B504460023C36603681B6813F03C
:106D3000080F0DD123681B6813F0040F13D1202313
:106D400084F8693084F86A30002084F8680010BD47
:106D50004FF47A7300224FF40011FFF722FF00284E
:106D6000E8D00320F3E74FF47A7300224FF4800158
:106D70002046FFF716FF0028E1D00320E7E778B3AD
:106D800010B5044690F869300BB3242384F86930B9
:106D90002268136823F0010313602046FFF738FDD3
:106DA000012813D0636ABBB92268536823F4904367
:106DB00053602268936823F02A0393602268136863
:106DC00043F0010313602046FFF7ABFF10BD80F8CE
:106DD0006830FBF759FFD8E72046FFF77DFEE3E771
:106DE0000120704700B587B0009101230193002373
:106DF000039306220292049305936946FCF75CFB19
:106E000000B1FEE707B000BD30B587B000241CE03C
:106E100023494A69234804EB440300EBC3035D683C
:106E20002A434A61DA6802929A6801921A690392C7
:106E3000032204925B69059304EB440301A950F813
:106E40003300FDF7BFFF0134E4B2012CE0D9144B4D
:106E50005A6942F080525A615B6903F08053009393
:106E6000009B11484FF0A04303604FF48033436010
:106E7000002383600361C36143620363C360012233
:106E8000026243630822426183618363FCF756F820
:106E900000B1FEE702210448FFF7A4FF07B030BDB0
:106EA0000010024064300108780D00202DE9F04107
:106EB000804602211548FFF795FF002634463746E5
:106EC00001E00134E4B2092C10D8104D2846FCF73B
:106ED00083F901212846FCF73FFA0028F1D1284622
:106EE000FCF7E6FA07440136F6B2EAE766B1B7FB0B
:106EF000F6F080B2FBF71AFA0549FBF76BFAC8F80F
:106F000000000120BDE8F0813046FBE7780D00204D
:106F100014AE653C08B5FFF7C9FF08BD2DE9F04781
:106F20000746884691469A4601213448FFF75AFFA2
:106F30000024264601E00134E4B2042C0ED82F4D83
:106F40002846FCF749F901212846FCF705FA0028F4
:106F5000F1D12846FCF7ACFA0644ECE7284BA3FB3A
:106F60000630C0F38F00FBF7DDF901462548FBF73B
:106F7000E5FA4FF07E51FBF723F90446224D2860D5
:106F80004846FBF7CFF92146FBF7D8FA04462860BC
:106F90004046FBF7C7F901462046FBF7CFFA1B4CEA
:106FA0002060FAF791FD09F005FEFBF7B5F80546FC
:106FB00020605046FBF7B6F901462846FBF7BEFABB
:106FC0000546206012490898FBF7FCF801464FF08F
:106FD0007E50FBF7B3FA01462846FBF7F3F801466B
:106FE00020604FF07E50FBF7A9FA20600849FBF7BC
:106FF000E7F838600120BDE8F08700BF780D002079
:10700000CDCCCCCC00F07F45740D0020700D00205D
:107010003393884300E00430064B984207D8038836
:107020009BB24FF6FF729342F5D0002070470120CB
:10703000704700BFFF0F00084FF008231B889BB26A
:10704000104A128892B288B1012813D13AB94EF68B
:10705000EE618B4201D001230DE013460BE063B9D2
:107060004EF6EE618A4206D1012304E01BB132B92B
:10707000012300E0002318467047AB23FBE7AB2356
:10708000F9E700BF0010000870B506460D46012064
:10709000FFF7D2FFAB281FD000F10114E402431C1C
:1070A000DB0203F1006303F2FF739C4213D22268F8
:1070B000B2F1FF3F01D00434F7E72A46002321460E
:1070C0000120FDF7B9FD034630B93246A11C01206D
:1070D000FDF7B2FD00E0802070BD000010B584B067
:1070E0000023039300934FF00820019001230293A3
:1070F000FFF790FF28B903A96846FDF711FE044683
:1071000040B9002200234FF008210120FDF794FD33
:10711000044610B1204604B010BD06480190FFF7A8
:1071200079FF0028F6D103A96846FDF7F9FD04466A
:10713000F0E700BF0010000800B585B00023009301
:1071400001934FF00823029302230393694601A899
:10715000FDF7E6FD05B000BD38B504460D4600203C
:10716000FFF76AFFAB2816D00146421CD20202F19B
:10717000006202F2FE72CB0203F108230233934253
:107180000AD213889BB2A34201D0043AF3E732F843
:10719000023C2B80002038BD0120FCE7F0B585B013
:1071A0008A4B1880002203924FF008231E88B6B243
:1071B00087490D88ADB200920193012302934EF6E8
:1071C000EE639E4239D04FF6FF739E4208D0002EE8
:1071D00000F09880FFF782FF0546284605B0F0BD15
:1071E0003DB14EF6EE639D4213D0FFF777FF0546A3
:1071F000F3E74FF00820FFF70DFF04460028ECD11D
:1072000003A96846FDF78CFD05460028E5D1254613
:10721000E3E74FF00820FFF7FDFE30B903A9684609
:10722000FDF77EFD05460028D7D1002200236849DE
:107230000120FDF701FD0546CFE765B34FF6FF736B
:107240009D4249D0FFF74AFF0546C6E726B210E047
:107250000134A4B25D4B1B88A34220D94FF0082310
:10726000DB889BB267005B4A126832F814008342E5
:10727000ECD0B442ECD05849FFF76EFF0128E7D0BC
:10728000544B1B68544A1188D85BFFF7FDFE002859
:10729000DED00546A1E72C464FF0FF36DAE70022A4
:1072A00000234FF008210120FDF7C6FC08B1054678
:1072B00093E700904648019001230293FFF7AAFE4E
:1072C0000446002889D103A96846FDF729FD054633
:1072D000002882D1254680E73D480190FFF79AFEBD
:1072E00038B903A96846FDF71BFD054600287FF461
:1072F00074AF002200234FF008210120FDF79CFC11
:1073000005466AE73DB14FF6FF739D420AD0344609
:107310004FF0FF371BE0FFF7E1FE00283FF45DAFC1
:1073200005465AE72A480190FFF774FE054608B162
:10733000354652E703A96846FDF7F2FC00283FF402
:107340004CAF054649E727B20FE00134A4B21F4B0A
:107350001B88A3421BD91E4BDB889BB265001D4ACC
:10736000126832F814008342EDD0BC42EDD01A49C5
:10737000FFF7F2FE0128E8D0164B1B68164A118869
:10738000585BFFF781FE05460028DED025E7002286
:1073900000230F490120FDF74FFC054600287FF42C
:1073A0001CAF00904FF00820019001230293FFF7DB
:1073B00031FE054608B135460FE703A96846FDF7DB
:1073C000AFFC00283FF409AF054606E7CC0D0020CE
:1073D00000100008341C0020CE0D0020F0B585B050
:1073E00005460C4600200390FFF726FE012813D027
:1073F00000284FD14FF008231F4603F500631E46B7
:107400004EF6EE62002331460120FDF715FC48B12F
:107410000446204605B0F0BD1F4B1F464FF0082321
:107420001E46EDE721462846FFF72EFE044610B122
:10743000EFE70134A4B2194B1B88A34216D9184BAD
:107440001B6833F81400A842F3D01649FFF784FEF6
:107450000128EED0124B1B68124A118833F8140031
:10746000FFF712FE0028E4D00446D2E70023009381
:1074700001970123029303A96846FDF751FC0446D6
:107480000028C6D10022002331460120FDF7D4FB9D
:107490000446BEE7AB24BCE700100008CC0D00207A
:1074A000341C0020CE0D002038B504460D46FFF7F1
:1074B000EBFD802800D038BD29462046FFF78EFF1F
:1074C000F9E7000030B587B000241CE021494A6983
:1074D000214804EB440300EBC3035D682A434A617F
:1074E000DA6802929A6801921A690392032204925E
:1074F0005B69059304EB440301A950F83300FDF7E1
:1075000061FC0134E4B2012CE0D9124BDA6942F497
:107510000012DA61DB6903F400130093009B0F484B
:107520000F4B03600F4B4360002383600122C26056
:10753000036143618361C3610362FDF74FFE00B1E4
:10754000FEE701460548FEF72BF800B1FEE707B05D
:1075500030BD00BF0010024094300108D00D002063
:1075600000540040D38D801000B583B041EA400143
:107570000520009089B20448FDF789FEB0FA80F03A
:10758000400903B000BD00BFD00D002000B583B09E
:107590001346400040F00100052200920A4681B2E5
:1075A0000348FDF739FFB0FA80F0400903B000BD91
:1075B000D00D002030B587B000241CE021494A6975
:1075C000214804EB440300EBC3035D682A434A618E
:1075D000DA6802929A6801921A690392032204926D
:1075E0005B69059304EB440301A950F83300FDF7F0
:1075F000E9FB0134E4B2022CE0D9124BDA6942F41F
:107600008002DA61DB6903F480030093009B0F487A
:107610000F4B03600F4B4360002383600122C26065
:10762000036143618361C3610362FDF7D7FD00B16C
:10763000FEE701460548FDF7B3FF00B1FEE707B0DE
:1076400030BD00BF00100240C43001081C0E0020F5
:1076500000580040FF5C700000B583B041EA400173
:107660006420009089B20448FDF711FEB0FA80F062
:10767000400903B000BD00BF1C0E002000B583B060
:107680001346400040F00100642200920A4681B295
:107690000348FDF7C1FEB0FA80F0400903B000BD19
:1076A0001C0E002030B589B01E4B5A6942F40032DE
:1076B0005A615A6902F400320092009A5A6942F4FF
:1076C00080225A615A6902F480220192019A5A6911
:1076D00042F400225A615B6903F400230293029B87
:1076E00000241AE00F494A690F4804EB840300EBB9
:1076F00083035D682A434A61DA6804929A680392B8
:107700001B6905930323069304EB840303A950F834
:107710002300FDF757FB0134E4B2022CE2D909B093
:1077200030BD00BF001002400C31010808B50A4608
:10773000054B00EB800C03EB8C00018953F82C0007
:10774000FDF727FC08BD00BF0C31010808B5074B49
:1077500000EB800203EB8200018953F82200FDF761
:1077600011FC003818BF012008BD00BF0C31010812
:1077700000B583B01346642200920A4601460648CB
:10778000FEF74BFE044B93F85D30022BFAD0B0FAB3
:1077900080F0400903B000BD680E002008B501224A
:1077A00010214FF09040FDF7F4FB01224FF480517F
:1077B0000348FDF7EEFB034B02221A7008BD00BF21
:1077C000000400480400002010B50446FFF7E6FF5F
:1077D0001CB1012C0BD0002008E0224610214FF0F4
:1077E0009040FDF7D6FB074B1C70012010BD002216
:1077F0004FF480510448FDF7CCFB024B1C70012074
:10780000F4E700BF0400002000040048034B1B788D
:10781000834214BF00200120704700BF04000020F5
:10782000F8B50D461446FFF7CFFF064608B93046B7
:10783000F8BD204609F0E6FC0146074650B1224655
:107840002846FFF795FF0646FFF7A8FF384609F0E0
:10785000E1FCECE70646F7E72DE9F0478A461446D7
:1078600099469DF82060FFF7AFFF804610B940466B
:10787000BDE8F087A2199046104609F0C3FC054602
:10788000404609F0BFFC0746FDB100B34246FF2168
:10789000284609F0ECFE22465146284609F0DAFF58
:1078A0005FFA88F239462846FFF762FF8046324683
:1078B0003919484609F0CEFFFFF770FF284609F056
:1078C000A9FC384609F0A6FCD1E7A846F4E78046B3
:1078D000F2E7000030B587B000241AE00F494A698A
:1078E0000F4804EB440300EB83035D682A434A61BD
:1078F000012202929B6801930023039303230493C4
:1079000004EB440301A950F82300FDF75BFA0134AE
:10791000E4B2022CE2D907B030BD00BF0010024033
:107920004831010808B50A46054B00EB400C03EB53
:107930008C00018953F82C00FDF72BFB08BD00BF1C
:10794000483101087047704708B5FFF7FBFF024652
:107950004FF400610148FDF71CFB08BD000400481E
:1079600008B5FFF7EFFF02464FF480610148FDF7CD
:1079700010FB08BD0004004808B5FFF7E4FF02460D
:1079800001210248FDF705FB08BD00BF00040048C7
:1079900008B5FFF7D8FF024604210248FDF7F9FABF
:1079A00008BD00BF0004004808B50020FFF7F0FF45
:1079B0000020FFF7E1FF0020FFF7C6FF0020FFF7E0
:1079C000CFFF08BD30B587B000241AE010494A69DE
:1079D000104804EB840300EB83035D682A434A618B
:1079E000DA6802929A6801921B6903930323049355
:1079F00004EB840301A950F82300FDF7E3F90134F7
:107A0000E4B2032CE2D9FFF7CFFF07B030BD00BFCF
:107A1000001002406C31010808B5074B00EB8002F2
:107A200003EB8200018953F82200FDF7ABFA00381E
:107A300018BF012008BD00BF6C31010810B582B02D
:107A400004464FF480620021234809F010FE234BC6
:107A50005A6942F001025A615B6903F00103009325
:107A6000009B1F481F4B03600023436083608022FC
:107A7000C26003614361202383614FF48053C3617B
:107A8000FCF716FC00B1FEE71748154B4366586239
:107A9000164B0360446000238360C36003610C22C3
:107AA00042618361C36103624362FFF768F900B119
:107AB000FEE74FF4806208490B48FEF735FE8DF86B
:107AC0000700002211461020FCF79CFB1020FCF759
:107AD000A9FB02B010BD00BFD00E00200010024074
:107AE000D01200206C0002400C1300200044004023
:107AF00000B583B08DF807000A2301220DF10701BC
:107B00000248FFF7B7F803B000BD00BF0C13002018
:107B10000A4B1B685A68C2F58062094B1B68934286
:107B20000AD0084AD25C02700133054A1360C3F3DD
:107B3000090313600120704700207047D012002015
:107B4000CC0E0020D00E002008B50248FCF706FC41
:107B500008BD00BFD0120020F0B583B0FBF75EF97E
:107B6000374B18600C238DF8073000238DF8063052
:107B700001251424ECB1E5B10A21314803F0FCFAE7
:107B80000028F7D0002CF5D0013C01230DF10702AD
:107B900000211D20FFF7E8FC01220DF106011D2048
:107BA000FFF7F4FC9DF8063013F0010FE2D1002539
:107BB000E0E74FF40063ADF8043001AC0223224645
:107BC00000211D20FFF7D0FC0B238DF80430032784
:107BD0008DF805700223224600211D20FFF7C4FC0A
:107BE00007238DF8043001268DF805600223224614
:107BF00000211D20FFF7B8FC08238DF80430002574
:107C00008DF805500223224629461D20FFF7ACFCC3
:107C10008DF80470FF238DF8053002232246294693
:107C20001D20FFF7A1FC8DF804508DF8056002239C
:107C3000224629461D20FFF797FC03B0F0BD00BF88
:107C400088130020072801D90020704700B583B0B1
:107C500020308DF8070001230DF1070200211D20BF
:107C6000FFF782FC022201A91D20FFF78FFC9DF87F
:107C700004309DF80500000940EA031003B000BD80
:107C80002DE9F8430546894690461F469DF8200099
:107C9000FFF7D8FF294B1860FAF744FB0146284844
:107CA000FAF74CFC4FF07E51FAF78AFA0446254E5B
:107CB00030604846FAF736FB2146FAF73FFC0446A7
:107CC00030602846FAF72EFB01462046FAF736FCCC
:107CD0001D4C2060F9F7F8FE08F06CFFFAF71CFA6B
:107CE000054620604046FAF71DFB01462846FAF794
:107CF00025FC0546206015493846FAF763FA014627
:107D00004FF07E50FAF71AFC01462846FAF75AFA65
:107D1000014620604FF07E50FAF710FC20600B49BE
:107D2000FAF74EFA20600A49FAF7F2FC08B1094A5C
:107D30002260054B1868BDE8F88300BF841300205B
:107D400000F07F45801300207C130020339388438C
:107D50000000C8C20000484310B588B0184B186036
:107D60000F238DF81E3003238DF81C3002238DF86D
:107D70001D3007238DF81F30079A0121452000F0A0
:107D800055F9104B5A6942F480225A615B6903F439
:107D900080230193019B0C4C00224FF480712046FC
:107DA000FDF7F7F84FF48073029301230393002348
:107DB0000493059302A92046FDF704F808B010BD0E
:107DC0008C1300200010024000040048014B187082
:107DD000704700BF90130020014B1878704700BF18
:107DE0009013002008B5124B1978124B1B784BB139
:107DF000114A126892F8FB0088B192F8FA2012B189
:107E0000012200E01A46914208D0094A137043B19A
:107E100001224FF480710948FDF7BBF808BD024606
:107E2000F1E71A464FF480710448FDF7B2F8F5E720
:107E300091130020901300208C13002000040048B0
:107E400000B583B000230193044B01AA0121452012
:107E500000F058F9019803B000BD00BF6F12833BDA
:107E600000B585B000230393054B0093002303AABC
:107E70000121452000F000F9039805B000BD00BFC6
:107E80003C30003AF8B505460C460E4617464FF012
:107E90007E511046FAF796F92146FAF79BFA2946E1
:107EA000FAF736FC88B901231C4639464FF07E505C
:107EB000FAF786F93146FAF78DFA2946FAF746FCC1
:107EC00008B100231C462046F8BD00231C46ECE701
:107ED00010B582B084460C46074B93E8030000902F
:107EE0008DF8041005236A4600216046FFF73CFB2D
:107EF000024B1C7002B010BD103001089813002016
:107F00000B4610490978994201D903B10B46032A5F
:107F100000D9704700B583B00B498B5400218DF810
:107F200004108DF8053001238DF806301201D2B20D
:107F300030328DF80420032301AAFFF715FB03B0AC
:107F400000BD00BF981300209413002070B50646B2
:107F50000D46002406E0224629463046FFF7D0FFB2
:107F60000134E4B2032CF6D970BD10B582B00446DA
:107F70000901C9B23E318DF80410012301AA002184
:107F8000FFF7F2FA022269462046FFF7FFFA9DF852
:107F900000209DF80130DB0843EA42134FF4F00063
:107FA00090FBF3F080B2B0F57A7F00D2002002B0EF
:107FB00010BD00002DE9F04184B005460E460027B3
:107FC000B8463C4601E00134E4B2032C13D8214604
:107FD0003046FFF7CAFF04AB03EB440323F80C0C55
:107FE000114B1B5D0BB14FF001080028EBD1002BAA
:107FF000E9D00127E7E78DF80C808DF80D70B8F116
:10800000000F04D01FB100238DF80E3002E00123D1
:108010008DF80E3001AB07CB28606960AA60284656
:1080200004B0BDE8F08100BF9413002010B584B007
:10803000044601920F4B1B68ADF80C301B0C8DF8F9
:108040000E30012903D002290AD004B010BDFFF779
:1080500039FA032303AA00212046FFF785FAF4E743
:10806000FFF7A8FA032303AA00212046FFF7F4FA3A
:10807000EBE700BF1830010870B582B015461E4608
:108080004FF0010C8DF804C04FF0000CADF800C0AB
:10809000012904D0022911D0002002B070BD0123B3
:1080A00001AA61460446FFF75FFA0028F4D00222D5
:1080B00069462046FFF76AFA78B9EDE7012301AA7D
:1080C00000210446FFF7C8FA0028E5D002226946DD
:1080D0002046FFF7D3FA0028DED09DF800309DF847
:1080E0000100400040EA432000B2054B18803044B4
:1080F000FAF71CF90699FAF76DF928600120CCE728
:108100009A13002070B582B0044615461E46022020
:108110008DF804000020ADF80000012904D00229E8
:1081200011D0002002B070BD012301AA01462046F3
:10813000FFF71AFA0028F4D0022269462046FFF71A
:1081400025FA78B9EDE7012301AA00212046FFF7BF
:1081500083FA0028E5D0022269462046FFF78EFA0E
:108160000028DED09DF800009DF801309B0843EA0E
:108170008010FAF7DBF83146FAF72CF92860012075
:10818000D0E70023042B21D800B503EB430200EB1A
:10819000420C4FF0000E8CF804E09CF805E02EF045
:1081A0000F0E8CF805E001EB420E11F812C02CF016
:1081B000700C01F812C09EF8012022F004028EF823
:1081C00001200133DBB2042BDFD900BD704770B54D
:1081D00004460D46164611462846FFF7D2FF4FF0DB
:1081E000000E38E00B2B24D80EEB4E0205EB4202BA
:1081F0005079A3F1080C012101FA0CF1C9B2014335
:1082000051710133DBB20E2B21D834F81EC02CFA89
:1082100003FC1CF0010FF4D0072BE3D80EEB4E014A
:1082200005EB4101087901229A40D2B202430A715A
:10823000E7E70EEB4E0216F81200A3F1080C01213D
:1082400001FA0CF1C9B2014306F81210D9E70EF198
:10825000010E5FFA8EFEBEF1040F01D80023D2E7B3
:1082600070BD4FF0000CBCF1040F23D810B50CEB1F
:108270004C0E01EB4E031C795B791B0203F4706317
:10828000234312F81EE04FEA1E1E4FEA0E3E0EF484
:10829000E04E43EA0E0330F81CE09E4508D10CF195
:1082A000010C5FFA8CFCBCF1040FE0D9012010BD79
:1082B0000020FCE7012070470023042B19D800B5EB
:1082C00003EB430200EB420C4FF0000E8CF804E08D
:1082D0009CF805E02EF00F0E8CF805E011F812C0A6
:1082E0002CF0700C01F812C00133DBB2042BE7D97B
:1082F00000BD704770B504460D4616461146284627
:10830000FFF7DAFF4FF0000E38E00B2B24D80EEB0E
:108310004E0205EB42025079A3F1080C012101FA4B
:108320000CF1C9B2014351710133DBB20E2B21D8DC
:1083300034F81EC02CFA03FC1CF0010FF4D0072BFC
:10834000E3D80EEB4E0105EB4101087901229A407A
:10835000D2B202430A71E7E70EEB4E0216F81200A2
:10836000A3F1080C012101FA0CF1C9B2014306F88E
:108370001210D9E70EF1010E5FFA8EFEBEF1040F66
:1083800001D80023D2E770BD4FF0000CBCF1040F00
:1083900023D810B50CEB4C0E01EB4E031C795B7926
:1083A0001B0203F47063234312F81EE04FEA1E1E03
:1083B0004FEA0E3E0EF4E04E43EA0E0330F81CE0A6
:1083C0009E4508D10CF1010C5FFA8CFCBCF1040F46
:1083D000E0D9012010BD0020FCE701207047844651
:1083E000002108460EE00133DBB20E2B08D83CF822
:1083F0001120DA4012F0010FF5D00130C0B2F2E7DF
:108400000131C9B2042901D80023EEE7704700000A
:1084100038B51546002308E030F813E0074A02EBB0
:10842000430CACF804E00133DBB2042BF4D9034C69
:108430002170FFF7D4FFA070E57038BDEC13002069
:10844000034B0022DA705A7802445A70704700BF1A
:10845000EC130020C00129B110231843104340F44D
:10846000187070470B46F8E7C00101B1402108437E
:1084700002B110221043184340F40A7070470023E1
:108480004A2B23D810B503EB430E00EB8E0C01EB07
:108490008E0230F82E4021F82E40BCF802E0A2F8FF
:1084A00002E0DCF804E0C2F804E09CF808E082F89E
:1084B00008E09CF809E082F809E09CF80AC082F81C
:1084C0000AC00133DBB24A2BDDD910BD7047000072
:1084D000054B03441B7933B9034B18440122027145
:1084E0009A7801329A7070479C130020034B002247
:1084F0001A605A609A609A81704700BFEC1300209E
:1085000008B54F220021024809F0B1F808BD00BFAC
:108510009C13002000B583B04FF6FF73ADF8043014
:10852000022201A9FFF77CF903B000BD08B5064A95
:10853000002313705370054A13705370FFF7D6FF72
:10854000FFF7DEFF08BD00BF00140020FC13002071
:1085500082B0074B1B88ADF8043000209DF8043032
:1085600063F307009DF8053063F30F2002B07047F6
:108570000014002082B0074B1B88ADF804300020A7
:108580009DF8043063F307009DF8053063F30F2076
:1085900002B07047FC1300200346DFF818C0BCE8A7
:1085A0000700186059609A60BCF800209A8118464C
:1085B000704700BFEC13002010B504464F2202495B
:1085C00009F048F9204610BD9C1300204FF0000C24
:1085D000102313E05B009BB20132D2B2072A09D804
:1085E00013F4804FF6D05B009BB283F48B4383F08F
:1085F0001903F1E70CF1010C1FFA8CFC8C4505D234
:1086000010F80C2083EAC2130022E7E75B0098B25F
:10861000704710B50C46030A0B70487002212046C3
:10862000FFF7D4FFC0F30723A370E07010BD70B54F
:1086300082B00546002211460220FFF70BFF0646D6
:108640002846FFF767FF01AC21463046FFF7E1FF00
:10865000042221462846FFF7E3F802B070BD08B5B2
:108660000020FFF7E4FF08BD08B50120FFF7DFFF9A
:1086700008BD00002DE9F04F93B0064689469346A9
:10868000FFF748FF4FF0000A01230293CDF80CA03A
:108690000496CDF8149062E0039CDDF814900290EB
:1086A00077E06B00DBB24B44DBB20AEB4A0755FACA
:1086B00087F7FFB2C8EB081457FA84F4E4B203F169
:1086C00048026A4412F82C0C49336B4413F82C3CD2
:1086D00040EA032004EB44030BEB83062BF8230052
:1086E000304BA3FB0023DB087380F9F71BFE2E49F8
:1086F000F9F770FE7060347286F80980B772029BD9
:10870000F3720135EDB2022DCBD908F101085FFA01
:1087100088F8B8F1040F1ED84FEAC8095FFA89F942
:1087200009F14E036B4413F82C2C09F14F036B44F1
:1087300013F82C5C45EA0225062107A84844FFF7F8
:1087400045FF854205D0039B0133DBB20393002331
:1087500002930025D7E70AF1010A5FFA8AFABAF113
:10876000040F13D811AD2946104B13F80A00FFF778
:1087700050FF2823009307AB042229460498FFF7F3
:108780006BF8002888D04FF00008C2E7039CDDF8A2
:10879000149089F80040029B89F80130184613B004
:1087A000BDE8F08FCDCCCCCC17B7D138C43101089F
:1087B00070B5ADF5627D064601AC22460649002043
:1087C000FFF758FF054631462046FFF758FE28467A
:1087D0000DF5627D70BD00BF0014002008B5024693
:1087E00002490120FFF746FF08BD00BFFC1300202F
:1087F00070B5ADF5647D0E4615460024ADF8084011
:108800002346224601460220FFF72EFE01A9FFF76C
:1088100000FF012C10D80020FFF77CFE04220DEB96
:1088200002010020FEF7FCFF034688B10320FAF79F
:10883000FBFA0134E4B2ECE703AA02A90020FFF737
:1088400019FF034640B92A789DF808100A442A7097
:1088500018460DF5647D70BD2B789DF808201344F3
:108860002B70314603A8FFF70AFE9DF80930EFE7A9
:1088700070B5ADF5E16DFFF743FE2E4AE1A9012089
:10888000FFF7B6FF38B903462A4A0121517018464E
:108890000DF5E16D70BD274A69460020FFF7A8FF7E
:1088A000034608B1002629E022494A7801324A707D
:1088B000EDE72846FFF70CFE2CE00134E4B20D2C66
:1088C00013D86019C0B2431CDBB203EB4301E1AA29
:1088D00002EB810252880DEB81035B88D31A13F5FA
:1088E000C87FEADAFFF7F4FDE7E705F10E0303EBD3
:1088F00043033DF823307BB10136F6B2042E11D884
:10890000C6EB0615EDB205EB4502E1AB33F82230BC
:10891000002BCED00024D2E705F10E00C0B2FFF745
:10892000D7FDE9E7034A5378B3FA83F35B09D370C1
:10893000ADE700BF9C1300202DE9F0438DB08146C8
:108940000C461746FFF7E6FD01A92046FFF761FE3A
:108950000025042420E005EB45064FEA460807EB16
:10896000460606213046FFF731FE01AB1A1957F8CB
:1089700008101951B3889380C0F3072204F136031D
:108980006B4403F82C2C04F137036B4403F82C0CD4
:108990000834E4B20135EDB2042DDCD92C2201A952
:1089A0004846FEF73DFF0DB0BDE8F08330B583B01B
:1089B0000546009101920024012C0ED802AB03EB76
:1089C000840353F8082C074B195D2846FFF7B4FFC2
:1089D000034618B10134E4B2EEE70123184603B0B0
:1089E00030BD00BFC031010808B50A46014601206C
:1089F000FFF7DCFF08BD2DE9F04F8FB004460D46B0
:108A000017469846FFF786FD0DAE31462846FFF71C
:108A100000FE2823009303AB042231462046FEF7D4
:108A20001BFF814688B300240CE004EB440307EBF2
:108A300043025BF8051047F81310BAF8043093802E
:108A40000134E4B2042C20D8E500EDB205F13E0378
:108A50006B4413F82C3C05F13F020DEB020111F8B9
:108A60002C6C46EA03260DF10C0B0BEB050A0621D4
:108A70005046FFF7ABFD8642D7D098F8003001335F
:108A800088F800304FF00009CFE748460FB0BDE846
:108A9000F08F000070B582B005461E46009101922D
:108AA0000024012C0FD8334602AA02EB840252F8AC
:108AB000082C0749095D2846FFF79DFF034618B1BA
:108AC0000134E4B2EDE70123184602B070BD00BFE7
:108AD000BC31010870B594B005460E4600248DF8EF
:108AE0000F4001940294ADF80C40FFF7FFFC0DF12C
:108AF0000F0304AA0CA92046FFF7CCFF58B30CAC17
:108B000004AA21462846FFF7F5FB04AA21460020C7
:108B1000FFF74CFF044648B30CAC1E220021204650
:108B200008F0A5FD1E22002104A808F0A0FD0020E9
:108B30008DF80F000DF10F0304AA2146FFF7AAFFDD
:108B4000044628BB9DF80F201E4B1A70DEB9012089
:108B5000FFF776FC07E004469DF80F20194B1A70CA
:108B60000120FFF76DFC204614B070BD04A90CA8CD
:108B7000FFF7A2FB04AA0CA90020FFF717FF0120B2
:108B8000FFF75EFCEFE7014601A8FFF7A3FFDEE772
:108B90009DF80F4004AA0CA92846FFF7F5FB0246F2
:108BA00021462846FFF734FC064BDC78002CDAD14E
:108BB0001EB90120FFF744FCD5E7214601A8FFF7C5
:108BC00089FFF6E7EC13002008B50121FFF782FFCB
:108BD00008BD000000B585B001A8002101914160E9
:108BE0000181FFF777FF08B105B000BD024A907020
:108BF000506090609081F7E7EC13002008B51346B1
:108C00000A4601460120FFF745FF08BD30B593B085
:108C1000054600238DF807300DF1070202A90AA8C6
:108C2000FFF7ECFF40B903461D4A9DF8071011708D
:108C30005070184613B030BD02AA0AA92846FFF7A3
:108C4000C6FA02A90AA8FFF7CFFE03460028F0D013
:108C50001E2200210AA808F00AFD1E22002102A8F7
:108C600008F005FD00238DF807300DF1070202A979
:108C70000AA8FFF7C3FF034658B19DF80730084C18
:108C8000237002AA0AA92846FFF7EBFA0346607090
:108C9000CFE7034A9DF8071011705070C9E700BF75
:108CA000FC13002000B585B001A8002301934360A8
:108CB0000381FFF7ABFF05B000BD000038B50546E6
:108CC0000846FFF7A3FF044608B9204638BD012037
:108CD000FAF7AAF8FFF7C8FC044670B10320FAF7C8
:108CE000A3F82846FFF77AFD0446FFF7DBFF0028CC
:108CF000EBD1054A50700446E7E7FFF7D3FF024B7C
:108D000000225A70E1E700BFFC1300202DE9F0417A
:108D100082B005460E4617469846FEF7D3FB1E4B1B
:108D20001C68ADF80440240C8DF8064001AC032308
:108D3000224600212020FEF717FC06238DF8043080
:108D40008DF805508DF8066003232246002120206F
:108D5000FEF70AFC46238DF804308DF805708DF877
:108D600006800323224600212020FEF7FDFB482336
:108D70008DF804309DF820308DF805309DF82430B2
:108D80008DF806300323224600212020FEF7ECFB5D
:108D900002B0BDE8F08100BF1C300108012828D8CE
:108DA000072926D808B56AB10130DFF848E01EF877
:108DB00000204FF0010C0CFA01F10A430EF80020DC
:108DC00073B908BD0130DFF82CE01EF800C00122A5
:108DD0008A40D24352B20CEA02020EF80020EFE7BA
:108DE000044A02231370032300212020FEF7BCFB5A
:108DF000E7E770470800002008B5064B02221A700A
:108E0000FAF70CF8044B18600023044A1360044A74
:108E1000136008BD0C14002010140020081400205A
:108E20000414002010B582B00446F9F7F7FF124B86
:108E30001860F3238DF80430104B1B78022B01D0FF
:108E400002B010BD6CB1012C08D1F3238DF80430B1
:108E5000012301AA00214020FEF786FB074B1C706E
:108E6000EEE7F5238DF80430012301AA002140200C
:108E7000FEF77AFBF2E700BF101400200C1400206C
:108E800008B520F00300F9F74DFAF8F71DFE06A328
:108E9000D3E90023F8F770FE05A3D3E90023F8F720
:108EA000B3FCF9F739F908BDD7A3703D0AF7653F60
:108EB000CDCCCCCCCC6C4740014B1868704700BF80
:108EC0000814002008B520F00300F9F72BFAF8F792
:108ED000FBFD0022044BF8F74FFE0022034BF8F78E
:108EE00093FCF9F719F908BD00405F3F00001840F6
:108EF000014B1868704700BF0414002010B50446E9
:108F0000084600218C4614E04FEA4E0E8EF0310EDA
:108F10005FFA8EFC013BDBB24BB14FFA8CFEBEF127
:108F2000000FF1DB4FEA4C0C5FFA8CFCF2E70131E9
:108F3000C9B2814204D2635C83EA0C0C0823EBE7DC
:108F4000944501D0002010BD0120FCE710B582B08F
:108F50001E4B1B78022B0DD100231C464FF4FA71D7
:108F60001B4802F009F910B1184B02221A70204672
:108F700002B010BD032201A94020FEF707FB044602
:108F80000028EBD09DF80620022101A8FFF7B6FFCC
:108F9000D0B19DF804309DF8050040EA03200B4B4A
:108FA0001B784BB1012B0CD1FFF76AFF094B1860FE
:108FB000064B02221A70D1E7FFF784FF064B1860B8
:108FC000F6E700231C46F3E70446C7E70C1400202D
:108FD00010140020081400200414002000B583B0F1
:108FE00000218DF804108DF80500054B93F9000061
:108FF000022301AA80B2FEF7B7FA03B000BD00BF9A
:109000002A14002038B504460D46FEF75BFA324BB1
:109010001C70324B1D70AE20FFF7E0FFD520FFF72C
:10902000DDFF8020FFF7DAFFA820FFF7D7FF3F2002
:10903000FFF7D4FFD320FFF7D1FF0020FFF7CEFFCB
:109040004020FFF7CBFF8D20FFF7C8FF012C37D062
:109050001420FFF7C3FF2020FFF7C0FF0020FFF719
:10906000BDFFA120FFF7BAFFC820FFF7B7FFDA2046
:10907000FFF7B4FF1220FFF7B1FF8120FFF7AEFF2B
:10908000012C21D0CF20FFF7A9FFD920FFF7A6FFA1
:10909000012C1DD0F120FFF7A1FFDB20FFF79EFF81
:1090A0004020FFF79BFFA420FFF798FFA620FFF7C3
:1090B00095FF2E20FFF792FFAF20FFF78FFF38BDFF
:1090C0001020FFF78BFFC6E79F20FFF787FFDCE745
:1090D0002220FFF783FFE0E7291400202A14002054
:1090E00008B54FF48062FF21014808F0C0FA08BDBE
:1090F0002C18002008B54FF480620021014808F0C8
:10910000B6FA08BD2C14002008B50A4601460248EC
:1091100008F0A0FB08BD00BF2C14002070B5294B3F
:1091200040221A704FF480622749284808F08FFACD
:10913000A0B3274B1B8893B3254C2188DFF888C048
:1091400001EB0C03234A5CF801505E68D3F808E099
:10915000D86815605660C2F808E0D060DFF86CE0AF
:1091600001EB0E005CF801505E68D3F808C0DB68C4
:109170004EF801504660C0F808C0C360164B93F922
:1091800000001123013A002180B2FEF7EDF9238897
:1091900010339BB22380C3F30903238070BD2120C9
:1091A000FFF71CFF0020FFF719FF7F20FFF716FFD6
:1091B0002220FFF713FF0020FFF710FF0720FFF723
:1091C0000DFFB9E7181400202C1400202C180020E3
:1091D00014140020191400202A1400202DE9F8434B
:1091E000044607460D46904607F072FA86B207F02D
:1091F00069FA002C0BDB83B2994607F069FAA042AA
:1092000005DD002D03DB07F05DFAA84201DCBDE8B7
:10921000F88307F063FA022823D003282DD0012811
:1092200005D1731B9BB2013B3D461BB21F46434613
:10923000012B2AD0022B3ED0002BE8D12A46002D4C
:1092400037DB42F3CF0207EBC2122648815C05F000
:10925000070C012303FA0CF3DB435BB20B4083548E
:10926000D5E7F31B9BB2013B1BB21F464B465B1B72
:109270009BB2013B1BB21D46D9E74B46DB1B9BB2A1
:10928000013B2F461BB21D46D1E72B46002D0EDBBE
:1092900043F3CF0307EBC3131248C25C05F0070C7E
:1092A000012101FA0CF10A43D2B2C254AFE7EB1D1F
:1092B000EEE7EA1DC5E72B46002D11DB43F3CF0394
:1092C00007EBC313DFF81CC01CF8031005F00702FE
:1092D000012000FA02F24A40D2B20CF8032096E7CD
:1092E000EB1DEBE72C14002010B582B0174B18884B
:1092F000174B1B88184480B2164C2080400007F0A2
:1093000081FF154B1860FBF753FC2088FDF746FFE3
:10931000034630B1FEE7104A126822F813300133D9
:109320009BB20C4A12889A42F5D80B4B1B680DF180
:1093300006011888FDF710FF012801D002B010BD0A
:109340000123064A1370064A1370F7E72E1C00200B
:109350002C1C0020301C0020341C0020331C00205A
:10936000321C002008B5FDF7E7FEB0FA80F0400996
:1093700008BD000020B1012804D1044BB3F900005E
:1093800080B270474FF0FF30FAE700BF2E1C00207C
:1093900020B1012807D04FF0FF3002E0044BB3F9B1
:1093A000000080B27047034BB3F90000F9E700BF3B
:1093B0002E1C00202C1C00202DE9F04180460C467C
:1093C0000846FFF7D7FF07462046FFF7E1FF0646AE
:1093D000002425460DE0E219094B1B6838F81410EB
:1093E00033F81200FEF760F845EA0003DDB20134FD
:1093F000A4B2B442EFD3B5FA85F04009BDE8F081DC
:10940000341C00202DE9F04180460C460846FFF749
:10941000B1FF07462046FFF7BBFF0646002425465E
:109420000DE0E219094B1B6808EB440133F8120008
:10943000FDF792FE45EA0003DDB20134A4B2B44266
:10944000EFD3B5FA85F04009BDE8F081341C002067
:1094500010B504464FF48061012007F067FB044B10
:10946000186018B12046FEF7E9FA10BDFEE700BF0C
:10947000381C002000B583B00B4B1868836A9847EE
:1094800048B9094B1868836B0DF1070198479DF89F
:109490000700FEF72DFB044B1868836A984780F09D
:1094A0000100C0B203B000BD381C002010B58CB064
:1094B0002B4B18602B4B19602B4B5A6942F400322E
:1094C0005A615B6903F400330193019B2748284BE1
:1094D0000360284B0363284B436309234360002345
:1094E0008360C3604FF4802202614FF480124261B6
:1094F00083610122C261036243628362C362FAF73D
:109500009DFA00B1FEE704460790089001230993F5
:10951000029003900490059006900A930B9002A984
:109520001248FAF7F9F921461048FAF71FFC00B182
:10953000FEE7124A1070124A1070F9F76FFC114BD7
:109540001860F9F76BFC104B1860F9F767FC0F4BCC
:109550001860F9F763FC0E4B18600CB010BD00BF2B
:10956000941C0020901C0020001002409444002015
:1095700000640040741C0020501C0020991C002036
:10958000981C00208C440020884400208444002043
:109590009044002084B08DE80F00064B1B6893F8C0
:1095A0009D30012B03D09DF8040004B070479DF856
:1095B0000500FAE7901C002084B08DE80F00064BF0
:1095C0001B6893F89D30012B03D09DF8050004B073
:1095D00070479DF80400FAE7901C0020054B1B68BB
:1095E00093F89D30012B02D040EA0120704741EAF8
:1095F00000207047901C002008B50248FAF702FDD1
:1096000008BD00BF9444002030B591B02CE008287C
:1096100025D1744B00221A6001221A609DF8301087
:10962000714A117002221A609DF83130002B14BF6C
:10963000012200226D4B1A7000F0C2800B99023992
:109640000DF1320000F054FC09E09DF830300B9A27
:10965000013A0DF131016648184408F0FBF8654BFA
:109660001B78FF2B00F0B880624B1B78624A12789F
:109670009A4200F0B580591C5E4A117003EBC30298
:109680000DF11C0E5D4B03EB820CBCE80F00AEE845
:109690000F00BCE80F00AEE80F00DCF80030CEF899
:1096A0000030099B042BDAD16C460DF12C0CBCE880
:1096B0000F000FC4DCF80030236007AC94E80F0003
:1096C000FFF768FFC5B2EC460DF12C0EBEE80F00A7
:1096D000ACE80F00DEF80030CCF8003094E80F0062
:1096E000FFF76AFF464B1B6893F89C30AB42B6D13C
:1096F000072819D08BD80528A7D00628AFD19DF808
:1097000030301B023F4A13609DF831100B43136049
:10971000B3F5806FA3D20B9A023A0DF132013448AF
:10972000184408F097F89AE72E4B00221A6001229D
:109730001A609DF830102C4A117002221A609DF8B0
:109740003120003A18BF012228490A7003221A600A
:109750009DF8321009022C4A1160042018609DF80F
:10976000333019431160B1F5806F3FF678AF1D4B70
:1097700005221A609DF83420244D2A7006221A60B2
:109780009DF83530224C2370194806F0F9FC2A78F0
:10979000237843EA022398427FF461AF134B1B788E
:1097A0002BB1194B1968124800F0A2FB57E7194872
:1097B00000F098FB144B19680D4800F07FFE4EE74F
:1097C000144800F08FFB074B1B680B99C91A0CA8B3
:1097D000184400F073FE42E7064B00221A7043E77C
:1097E00011B030BD481C002078400020441C0020EF
:1097F0007C400020991C0020981C00209C1C00200C
:10980000901C00204C1C0020401C00203D1C00200F
:109810003C1C0020059C000800B589B0042303937C
:10982000029000230493059206A808F013F8044858
:1098300001AB03630121FAF7BDF909B000BD00BF18
:10984000944400202DE9F04184B0464B1B6893F806
:10985000A9201AB993F8A830002B70D0424B1B688E
:1098600093F8FA30002B63D11A46D2B23E4C2168ED
:1098700091F8FE3091F8FD0043EA40035BB291F8A5
:10988000FC0043EA80035BB243EAC2035BB291F897
:109890006C2C43EA02135BB291F8042143EA4213B1
:1098A0005BB291F8022143EA82135BB291F8032183
:1098B00043EAC2135FFA83F80023039303AE2B4FEE
:1098C00001AD33463A46D1F8481C284606F0A6FBBF
:1098D000216833463A468968284606F09FFB23688C
:1098E0005868F8F763FF3246C1B2284606F029FBF4
:1098F000236832461978284606F023FB236832464F
:109900005978284606F01DFB32464146284606F0A7
:1099100018FB144B1B68202193F89C00FFF75EFE98
:109920009DF80C202946FFF777FF04B0BDE8F081D1
:1099300004F03AFB08B1012297E7024695E70A4B8B
:109940001B6893F8FA201AB193F8033113B91A4639
:10995000D2B28BE704F028FB08B10122F8E70246F7
:10996000F6E700BF901C0020941C00200000C842B5
:109970002DE9F04385B04FF00009CDF80C90514E21
:10998000316803AD504F01AC2B463A460969204679
:1099900006F053FB31682B463A468969204606F0AB
:1099A0004CFBDFF82881D8F800301E2193F89C008A
:1099B000FFF714FE9DF80C202146FFF72DFFCDF890
:1099C0000C9031682B463A46496C204606F035FB30
:1099D00031682B463A46096C204606F02EFBD8F833
:1099E00000301F2193F89C00FFF7F8FD9DF80C2034
:1099F0002146FFF711FFCDF80C903168344F2B460C
:109A00003A46D1F8E810204606F008FB31682B46AC
:109A10003A46D1F8E010204606F000FB31682B46AC
:109A20003A46D1F8F410204606F0F8FA31682B4691
:109A30003A46D1F8EC10204606F0F0FAD8F800309B
:109A4000212193F89C00FFF7C9FD9DF80C202146C9
:109A5000FFF7E2FECDF80C9031682B463A46D1F87C
:109A6000541C204606F0DAFA31682B463A46D1F803
:109A7000581C204606F0D2FA33682A4693F8FF10A5
:109A8000204606F05EFA33682A4693F80511204610
:109A900006F057FA31682B463A46D1F8681C204642
:109AA00006F0BCFAD8F80030222193F89C00FFF7AA
:109AB00095FD9DF80C202146FFF7AEFE05B0BDE8F0
:109AC000F08300BF941C00200050C347901C00206E
:109AD0000000C8422DE9F04782B080460F46164686
:109AE0009A46062A02D900210C4628E0444B1B68FE
:109AF00093F89C308DF800308DF801A00DF1020034
:109B000007F0A8FE023608214046FFF767FDF2B2D3
:109B10006946FFF781FE6FE0F5B2ED1AEDB22A4615
:109B200039440DF1010007F095FE05214046FFF78D
:109B300055FD0135EAB26946FFF76EFE2146B14296
:109B400026D2FF2924D8CC1DCBB28DF80030A642F6
:109B5000E2D37B187A58CDF801209A889B79ADF82A
:109B600005208DF807300725DFE7F5B2ED1AEDB2D5
:109B70002A4639190DF1020007F06CFE0621404615
:109B8000FFF72CFDAA1CD2B26946FFF745FE4C46F2
:109B9000B44212D2230A8DF80030E3B28DF80130BE
:109BA00004F10609B145E0D83B193A59CDF8022035
:109BB0009B88ADF806300625E0E7114B1B6893F84B
:109BC0009C308DF800308DF801A0330A8DF80230FA
:109BD0008DF803603146384606F0D2FAC0F3072309
:109BE0008DF804308DF8050007214046FFF7F6FC9C
:109BF00006226946FFF710FE02B0BDE8F08700BFFD
:109C0000901C002008B50A4601230146024800784E
:109C1000FFF760FF08BD00BF7840002084B038B572
:109C200004AC84E80F00089C7CB19DF8245015F02A
:109C3000010F15D115F0040F07D015F0080500D05D
:109C4000FF25124B1B6883F80551012C04D99DF8A0
:109C5000253013F0100F0ED1BDE8384004B0704726
:109C6000F9F7DCF80A4B1860084B1B68C5F3400293
:109C700083F8FF20DEE7054B1B68064A126892F85E
:109C8000A62083F8022104F0A9F9E5E7941C00203E
:109C900084440020901C002010B586B0446B62689C
:109CA00040F623239A421BD0EC4604F1100EBEE886
:109CB0000F00ACE80F00DEF80030CCF8003094E87C
:109CC0000F00FFF767FCC0B21C4B1B6893F89C3079
:109CD000834215D000211A48FAF748F806B010BDA3
:109CE000EC4604F1100EBEE80F00ACE80F00DEF801
:109CF0000030CCF8003094E80F00FFF78FFFE9E761
:109D0000104A137803F1010E5FFA8EFE82F800E02C
:109D100003EBC3020C4B03EB820C0FCCACE80F003F
:109D20000FCCACE80F002368CCF80030BEF1FF0F79
:109D3000D0D1044B00221A70CCE700BF901C002049
:109D400094440020981C00209C1C002008B50E4B59
:109D50005B6B5B680D4A1268934206D14FF47A71CF
:109D60000B4801F009FA38B908BD084A1360F9F741
:109D700055F8074B1860F1E7064B1968064B186851
:109D8000FFF794FBF0E700BF9444002080440020DC
:109D90007C440020901C0020941C002008B51A4B25
:109DA00093F83930222B18D000211748F9F7DEFF3D
:109DB000164B1B6893F89E30A3B941F288311448C2
:109DC00001F0DAF920B1134B1B68002283F8FF2061
:109DD000FFF71AFCFFF7BAFF08BDF9F71FF80E4BA3
:109DE0001860E5E7C8210D4801F0C6F948B94FF4FD
:109DF000FA710B4801F0C0F90028DED0FFF7B8FD7A
:109E0000DBE7FFF71FFDF2E794440020901C0020E1
:109E100084440020941C0020904400208C440020A6
:109E200088440020BFF34F8F0549CA6802F4E062FE
:109E3000044B1343CB60BFF34F8F00BFFDE700BF60
:109E400000ED00E00400FA051C4B1A6892F8063198
:109E5000003B18BF012392F8171101B102210B43F7
:109E600092F81A1101B104210B4392F81B1101B1B0
:109E700008210B4392F81C1101B110210B4392F8F9
:109E80001D1101B120210B4392F8091101B14021AC
:109E90000B4392F8A71001B180210B4392F83C10BC
:109EA00009B14FF480710B4392F83D201AB14FF481
:109EB0000070184370471046FBE700BFD4450020F0
:109EC00008B504F04BF908BD034B1960034B18604B
:109ED000034B00221A707047C0460020D445002072
:109EE000C4460020014B1860704700BFC8460020E0
:109EF00008B5024B1B6803B1984708BDC84600204F
:109F00002DE9F04182B04FF00008CDF80480012324
:109F10000193574C04232370564E31680DEB030513
:109F2000554F2B463A460969204606F086F83168B7
:109F30002B463A468969204606F07FF83368586810
:109F4000F7F7C2FD06F0B6FEF8F7C6F82A46C1B22A
:109F5000204605F0F6FF31682B463A46096C20464C
:109F600006F06BF831682B463A46896C204606F0BD
:109F700064F831682B463A46496C204606F05DF895
:109F800031682B463A46C96C204606F056F83168CF
:109F90003A4F2B463A46496A204606F03FF8316868
:109FA0002B463A46096A204606F038F831682B46B7
:109FB0003A46D1F8481C204606F030F831682B4666
:109FC0003A46D1F84C1C204606F028F831682B465A
:109FD0003A46D1F8541C204606F020F831682B464A
:109FE0003A46D1F8581C204606F018F83168244F3C
:109FF0002B463A46D1F8E010204606F00FF83168BB
:10A000002B463A46D1F8E810204606F007F83168AA
:10A010002B463A46D1F8EC10204605F0FFFF316898
:10A020002B463A46D1F8F410204605F0F7FF336886
:10A030002A46197B204605F084FF33682A4693F8A8
:10A040000211204605F07DFF2A464146204605F0D4
:10A0500078FF0C4B1A68019B591C019192F89C20C7
:10A06000E2542046FFF744FF02B0BDE8F08100BF94
:10A07000CC460020D445002000007A440000C842AD
:10A0800000002041C04600202DE9F04383B00023AA
:10A09000019301230193664C9D232370654E316823
:10A0A00001AD654F2B463A460969204605F0C5FFCC
:10A0B00031682B463A468969204605F0BEFF336871
:10A0C0005868F7F701FD06F0F5FDF8F705F82A46A0
:10A0D000C1B2204605F035FF31682B463A46096C7F
:10A0E000204605F0AAFF31682B463A46896C204687
:10A0F00005F0A3FF31682B463A46496C204605F02F
:10A100009CFF31682B463A46C96C204605F095FF06
:10A110003168DFF828812B464246496A204605F01F
:10A120007DFF31682B464246096A204605F076FFDE
:10A130004FF000092B4642464946204605F06EFF87
:10A1400031682B464246D1F8E010204605F066FF04
:10A1500031682B464246D1F8E810204605F05EFFF4
:10A1600031682B464246D1F8E410204605F056FFF0
:10A1700031682B464246D1F8EC10204605F04EFFE0
:10A1800031682B464246D1F8F410204605F046FFD0
:10A1900031682B464246D1F8F010204605F03EFFCC
:10A1A00031682B464246D1F8681C204605F036FF40
:10A1B00033682A46197B204605F0C3FE33682A46D9
:10A1C00093F80211204605F0BCFEFFF779FE014628
:10A1D0002A46204605F0B5FE2B463A46494620461B
:10A1E00005F02BFF2B463A464946204605F025FF51
:10A1F0002B463A464946204605F01FFF2B463A4675
:10A200004946204605F019FF2B463A464946204666
:10A2100005F013FF2B463A464946204605F00DFF50
:10A2200001992046FFF764FE03B0BDE8F08300BF4C
:10A23000CC460020D445002000007A440000204194
:10A2400010B582B0002401940123019313483323F5
:10A250000370134B1B6801AA197805F072FE0CE01D
:10A26000104B196804F1240001AB0F4A51F830106B
:10A270000A4805F0D3FE0134E4B2094B1B681A7892
:10A28000A242EDD8019A511C019193F89C300348E9
:10A290008354FFF72DFE02B010BD00BFCC46002056
:10A2A000C0460020D445002000007A4410B582B09A
:10A2B000002401940123019312489723037001AAFB
:10A2C0004B2105F03EFE07E0002101AB0E4A0D4890
:10A2D00005F0A4FE0134E4B24A2C0CD80B4B1B68E9
:10A2E00093F80621002AEFD004EB440203EB82032B
:10A2F000D3F87C13E9E701990248FFF7F9FD02B0B2
:10A3000010BD00BFCC46002000007A44D445002098
:10A3100010B582B00021019101230193064C9823CE
:10A32000237001AA204605F00CFE01992046FFF794
:10A33000DFFD02B010BD00BFCC46002010B582B0DA
:10A3400000230193012301931B4B99221A701B4B8D
:10A350001B6893F8173133B101AA4B21164805F059
:10A36000F0FD002412E0144C01AA1946204605F025
:10A37000E8FD01992046FFF7BBFD1AE0002101AB83
:10A380000F4A0D4805F04AFE0134E4B24A2C0CD8BD
:10A390000A4B1B681A1992F8F82B002AEED004F227
:10A3A000B22203EB82035968E9E701990248FFF7FB
:10A3B0009FFD02B010BD00BFCC460020D445002058
:10A3C0000000204170B582B000210191012301936A
:10A3D000264C9E23237001AD2A46204605F0B1FD90
:10A3E0002A461521204605F0ACFD2A464B21204681
:10A3F00005F0A7FD2A464B21204605F0A2FD03F0FB
:10A400009DFE01462A46204605F0E5FD03F09EFE2E
:10A4100001462A46204605F0DEFDFFF715FD014600
:10A420002A46204605F0A4FD114E33682A4693F8CB
:10A43000A910204605F085FD33682A4693F80A11D5
:10A44000204605F07EFDFFF73BFD01462A462046EB
:10A4500005F077FD33682A46197B204605F071FD2B
:10A4600001992046FFF744FD02B070BDCC460020A4
:10A47000D44500200FB400B583B004AB53F8042BCF
:10A4800001930B48152100F8011BFE2107F0B4F8D9
:10A49000002804DC03B05DF804EB04B07047FE282C
:10A4A000A8BFFE20411C0248FFF722FDF2E700BFD3
:10A4B000D444002008B5FFF7B5FC0000002900F0E7
:10A4C0002E852DE9F04182B000230193044614F853
:10A4D000015B4E1E222D00F00D8513D9992D00F041
:10A4E000FF8400F2AB82962D00F00B8540F29B8238
:10A4F000972D00F0F284982D40F0A384FFF708FF19
:10A5000000F09FBC032D00F0CB840BD90F2D00F27F
:10A510007D820E2D80F0A282042D33D1FFF7F0FC56
:10A5200000F08FBC012D00F09E84022D00F0A2846B
:10A53000002D40F08684012301930F4B1D700221F2
:10A5400001915D700322019215229A700B4A03CA91
:10A55000C3F80300C3F807101278DA720C220192D4
:10A560009C18074A07CA84E8070018210191184679
:10A57000FFF7BEFC00F065BCCC460020CC310108E2
:10A58000ACF7FF1F0D2D40F05C84E24F3B6898460E
:10A5900001AE3146204605F099FD88F800003B6881
:10A5A00098463146204605F0C3FDC8F804003B68D4
:10A5B00098463146204605F0BBFDC8F808003B68C8
:10A5C00098463146204605F0B3FDC8F80C003B68BC
:10A5D00098463146204605F0ABFDC8F810003B68B0
:10A5E00098463146204605F0A3FDC8F814003B68A4
:10A5F00098463146204605F09BFDC8F818003B6898
:10A6000098463146204605F093FDC8F81C003B688B
:10A6100098463146204605F08BFDC8F820003B687F
:10A6200098463146204605F083FDC8F824003B6873
:10A6300098463146204605F07BFDC8F828003B6867
:10A6400098463146204605F073FDC8F82C003B685B
:10A6500098463146204605F06BFDC8F830003B684F
:10A6600098463146204605F063FDC8F8340031466F
:10A67000204605F030FDD7F80080A8F838003146B4
:10A68000204605F055FDC8F83C003146204605F04F
:10A6900022FDD7F80080A8F840003146204605F09A
:10A6A00015FD88F842003B6898463146204605F083
:10A6B0000DFD88F843003B6898463146204605F07A
:10A6C00020FDC8F844003B6898463146204605F016
:10A6D000FDFC88F848003B6898463146204605F066
:10A6E00010FDC8F84C003B6898463146204605F0FE
:10A6F0001FFDC8F850003B6898463146204605F0DB
:10A7000000FDC8F854003B6898463146204605F0E5
:10A710000FFDC8F858003B6898463146204605F0C2
:10A72000F0FCC8F85C003B6898463146204605F0CE
:10A73000E8FCC8F860003B6898463146204605F0C2
:10A74000F7FCC8F864003B6898463146204605F09F
:10A75000EFFCC8F868003B6898463146204605F093
:10A76000D0FCC8F86C003B6898463146204605F09E
:10A77000DFFCC8F870003B6898463146204605F07B
:10A78000C0FCC8F874003B6898463146204605F086
:10A79000CFFCC8F878003B6898463146204605F063
:10A7A000B0FCC8F87C003B6898463146204605F06E
:10A7B000A8FCC8F880003B6898463146204605F062
:10A7C000A0FCC8F884003B6898463146204605F056
:10A7D00098FCC8F888003B6898463146204605F04A
:10A7E00075FC88F88C003B6898463146204605F099
:10A7F0009FFCC8F890003B6898463146204605F01B
:10A8000080FCC8F894003B6898463146204605F025
:10A8100078FCC8F898003B6898463146204605F019
:10A8200055FC88F89C003B6898463146204605F068
:10A830004DFC88F89D003B6898463146204605F05F
:10A8400045FC88F89E003B6898463146204605F056
:10A850004EFCA8F8A0003B6898463146204605F01B
:10A8600046FCA8F8A2003B6898463146204605F011
:10A870002DFC88F8A4003B6898463146204605F038
:10A8800025FC88F8A5003B6898463146204605F02F
:10A890001DFC88F8A6003B6898463146204605F026
:10A8A00015FC88F8A7003B6898463146204605F01D
:10A8B0000DFC88F8A8003B6898463146204605F014
:10A8C00005FC88F8A9003B6898463146204605F00B
:10A8D000FDFB88F8AA003B6898463146204605F003
:10A8E000F5FB88F8AB003B6898463146204605F0FA
:10A8F000EDFB88F8D4003B6898463146204605F0C9
:10A90000E5FB88F8D5003B6898463146204605F0BF
:10A91000F8FB01E0C0460020C8F8D8003B68984624
:10A920003146204605F0EDFBC8F8DC003B68984650
:10A930003146204605F0E5FBC8F8E0003B68984644
:10A940003146204605F0DDFBC8F8B4003B68984668
:10A950003146204605F0D5FBC8F8C4003B68984650
:10A960003146204605F0C3FBA8F8D0003B68984666
:10A970003146204605F0C5FBC8F8B8003B6898464C
:10A980003146204605F0BDFBC8F8C8003B68984634
:10A990003146204605F0ABFBA8F8D2003B6898464C
:10A9A0003146204605F0ADFBC8F8AC003B68984640
:10A9B0003146204605F0A5FBC8F8BC003B68984628
:10A9C0003146204605F093FBA8F8CC003B6898463A
:10A9D0003146204605F095FBC8F8B0003B68984624
:10A9E0003146204605F08DFBC8F8C0003F6831466F
:10A9F000204605F07CFBA7F8CE000023019301213F
:10AA000001910D480570FFF773FA1AE2142D05D174
:10AA100000234354204604F065FB12E21D2D40F054
:10AA20001082FFF747FD322D00F06B82332D40F08E
:10AA30000882FFF705FC04E2CC4600209D2D00F0C3
:10AA4000498200F20B829A2D3FF49FADC0F0F9814C
:10AA500005F16503DBB2012B00F2F3810F2D00F04D
:10AA600042829C2D00F03F82CC4B1A68CC4B1A607E
:10AA70000023019301230193CA4C2570C84E33680B
:10AA800001AD2A461978204605F05BFA33682A465C
:10AA90005968204605F0E0FA33682A46996820464E
:10AAA00005F0DAFA33682A46D968204605F0D4FA68
:10AAB00033682A461969204605F0CEFA33682A46DB
:10AAC0005969204605F0C8FA33682A469969204634
:10AAD00005F0C2FA33682A46D969204605F0BCFA67
:10AAE00033682A46196A204605F0B6FA33682A46C2
:10AAF000596A204605F0B0FA33682A46996A20461A
:10AB000005F0AAFA33682A46D96A204605F0A4FA65
:10AB100033682A46196B204605F09EFA9F4F3B6822
:10AB20002A46596B204605F097FA3B682A46B3F946
:10AB30003810204605F00CFA3B682A46D96B2046AF
:10AB400005F08AFA3B682A46B3F94010204605F022
:10AB5000FFF933682A4693F84210204605F0F1F9D0
:10AB600033682A4693F84310204605F0EAF9336823
:10AB70002A46596C204605F02EFA33682A4693F887
:10AB80004810204605F0DDF933682A46D96C204686
:10AB900005F021FA33682A46196D204605F05CFA63
:10ABA00033682A46596D204605F015FA33682A465F
:10ABB000996D204605F050FA33682A46D96D204633
:10ABC00005F009FA33682A46196E204605F003FAA3
:10ABD00033682A46596E204605F03EFA33682A4605
:10ABE000996E204605F038FA33682A46D96E204619
:10ABF00005F0F1F933682A46196F204605F02CFA62
:10AC000033682A46596F204605F0E5F933682A462D
:10AC1000996F204605F020FA33682A46D96F2046FE
:10AC200005F0D9F933682A46D3F88010204605F09C
:10AC3000D2F933682A46D3F88410204605F0CBF9C0
:10AC400033682A46D3F88810204605F0C4F93368E3
:10AC50002A4693F88C10204605F073F933682A468B
:10AC6000D3F89010204605F0F7F933682A46D3F858
:10AC70009410204605F0AFF933682A46D3F89810AF
:10AC8000204605F0A8F933682A4693F89C10204620
:10AC900005F057F933682A4693F89D10204605F0D1
:10ACA00050F93B682A4693F89E10204605F049F972
:10ACB00033682A46B3F8A010204605F059F93368E6
:10ACC0002A46B3F8A210204605F052F933682A4606
:10ACD00093F8A410204605F034F933682A4693F817
:10ACE000A510204605F02DF933682A4693F8A610E2
:10ACF000204605F026F933682A4693F8A710204627
:10AD000005F01FF933682A4693F8A810204605F08D
:10AD100018F933682A4693F8A910204605F011F96E
:10AD200033682A4693F8AA10204605F00AF93368DA
:10AD30002A4693F8AB10204605F003F933682A46FB
:10AD400093F8D410204605F0FCF833682A4693F8AF
:10AD5000D510204605F0F5F833682A46D3F8D81008
:10AD6000204605F038F933682A46D3F8DC1020462F
:10AD700005F031F933682A46D3F8E010204605F093
:10AD80002AF933682A46D3F8B410204605F023F98F
:10AD900033682A46D3F8C41006E000BFC04600203E
:10ADA000BC460020CC460020204605F014F933684C
:10ADB0002A46B3F8D010204605F0DAF833682A4660
:10ADC000D3F8B810204605F006F933682A46D3F8C0
:10ADD000C810204605F0FFF833682A46B3F8D210B1
:10ADE000204605F0C5F833682A46D3F8AC10204653
:10ADF00005F0F1F833682A46D3F8BC10204605F078
:10AE0000EAF833682A46B3F8CC10204605F0B0F8CB
:10AE100033682A46D3F8B010204605F0DCF83368D2
:10AE20002A46D3F8C010204605F0D5F833682A46E4
:10AE3000B3F8CE10204605F09BF801992046FFF7A5
:10AE400057F84FF47A71684600F096F918B1344B10
:10AE50001B78002B60D102B0BDE8F0819E2DF0D1AF
:10AE6000FFF7B0FAEDE72E4B01221A70F7F7D6FF85
:10AE70000090E6E701A9204605F043F900F0ACFC9C
:10AE8000034600220192012201922648022101700C
:10AE90000191B3FA83F35B094370FFF729F8D0E718
:10AEA00001A9204605F02DF90199721A214400F0FC
:10AEB000F9FC034600220192012201921948032263
:10AEC000027002210191B3FA83F35B094370FFF72B
:10AED0000FF8B6E7FFF7D8F8B3E7FFF7E7F9B0E701
:10AEE000FFF72CFAADE7104C204600F03BF80F4B73
:10AEF0001C60BDE500238A1E811C4078FEF7EAFD38
:10AF00009FE700F01FF800230193012101910548FC
:10AF10000570FEF7EDFF94E700F0DEFC9BE770475D
:10AF2000C4460020CC460020D8450020BC46002066
:10AF3000024B72221A800248704700BF2E1C00206C
:10AF4000CC4A002008B500210148FEF735FA08BDBB
:10AF5000CC4A002008B500210148FEF753FA08BD8D
:10AF6000CC4A002070B50C230370584B4360584BFB
:10AF70008360584BC360584B0361584B4361584B37
:10AF80008361584AC261584B0362584B4362584B25
:10AF90008362C2624FF07C550563564B43630021C8
:10AFA0000187554BC3630423A0F84030012380F888
:10AFB0004230022480F843404FF47A6CC0F844C019
:10AFC000052480F84840C0F84CC0DFF830C1C0F814
:10AFD00050C047F2305EC0F854E08265484AC2650E
:10AFE00041F270720266C0F864C085664FF4FA627E
:10AFF000C266444D05674FF4967EC0F874E0424D3A
:10B00000856741F28835C567C0F8802042F210722A
:10B01000C0F884204FF47A7CC0F888C080F88C4057
:10B020004FF07E52C0F89020384AC0F894204EF677
:10B030006022C0F898200A2280F89C2080F89D3079
:10B0400080F89E3041F60F42A0F8A0204FF47C72A9
:10B05000A0F8A22080F8A43080F8A5302C4AC0F8CF
:10B06000B420C0F8B820C0F8C420C0F8C82041F20D
:10B070002615A0F8D05040F60664A0F8D24080F81B
:10B08000A6304FF0000680F8A76080F8A81080F87E
:10B09000A93080F8AA3080F8AB30C0F8AC20C0F8F6
:10B0A000B020C0F8BC20C0F8C020A0F8CC50A0F858
:10B0B000CE4080F8D41080F8D530C0F8D8E044F6FF
:10B0C0002063C0F8DC30C0F8E0C070BD0000204252
:10B0D00033331340000088409A99394000005040B3
:10B0E000CDCC84400AD7233C333373408FC2F53C28
:10B0F000CDCC4C3E684293BBE3A51BBD0AD7A33C15
:10B1000040771B00CDCC4C3F0000F04280EE360073
:10B11000A086010010B5BAB001AC2046FFF722FFAF
:10B120000021034B19702046FEF746F93AB010BDD6
:10B13000331C002010B5054B1C781CB9FFF70AFF23
:10B14000204610BDFFF7E6FF0446F7E7331C00205A
:10B1500008B5F7F7EDFD4FF0E023054A5A61054ABF
:10B16000F02182F8231000229A6107221A6108BD9B
:10B170003F19010000ED00E038B504460D46F7F731
:10B180004DFE2368C01AA84201D2002038BDF7F74F
:10B1900045FE20600120F9E738B504460D466321DD
:10B1A0000948FFF7E9FF18B1084A13680133136033
:10B1B000064B1A682368D31AAB4201D2002038BD6F
:10B1C00022600120FBE700BFB04B0020B44B002001
:10B1D00008B5F7F723FE0F4B18604021802004F0DC
:10B1E000E7FF05210B48FFF7C7FF0028F9D03C21F6
:10B1F0000220FDF707FFFDF77DFFFDF771FF064B0E
:10B2000001221A70054B00221A70F7F707FE044B53
:10B21000186008BDD04B0020CC4B0020D84B00203C
:10B22000D44B002084B010B582B0044605A880E855
:10B230000E00A74B1B78A34215D0DFF898C205ABD0
:10B240000FCB8CE80F00062C00F0B7803FD8032C02
:10B2500000F0958015D8012C57D0022C76D04CB92F
:10B26000FDF748FF06E0102201469A4806F0EFF984
:10B270000028E2D1964B1C7002B0BDE8104004B02B
:10B280007047042C00F08380052CF3D1FDF732FFCA
:10B290004FF480619048FDF737FF012005F052F927
:10B2A000012005F045F90021442005F037F945203B
:10B2B00005F050F9522005F04DF9522005F04AF9F9
:10B2C0004F2005F047F9522005F044F9D2E7092C48
:10B2D00000F0C9800CD90A2C00F0F2800B2CC9D1E7
:10B2E000FDF708FF4FF480617C48FDF70DFFC1E7D3
:10B2F000072C00F0A280082CBCD1FDF7FBFE4FF418
:10B3000080617748FDF700FFB4E7FDF7F3FE4FF4E7
:10B3100080617448FDF7F8FE022005F013F9012062
:10B3200005F006F92A210A2005F0F8F8562005F064
:10B3300011F9302005F00EF92E2005F00BF931201F
:10B3400005F008F9372005F005F993E7FDF7D2FE7F
:10B350004FF480616448FDF7D7FE64490598F7F71C
:10B36000EDF86349F7F736F8F7F720FA0123009371
:10B37000322302B20721084604F0BDFF7AE7FDF749
:10B38000B9FE4FF480615B48FDF7BEFE72E7FDF742
:10B39000B1FE012005F0D6F8012005F0C9F8002122
:10B3A000084605F0BBF8422005F0D4F8792005F0F6
:10B3B000D1F8652005F0CEF85CE7FDF79BFE4FF471
:10B3C00080614548FDF7A0FE012005F0BBF8012093
:10B3D00005F0AEF80021442005F0A0F8452005F066
:10B3E000B9F8522005F0B6F8522005F0B3F84F2016
:10B3F00005F0B0F8522005F0ADF80F21442005F01B
:10B400008DF8502005F0A6F8522005F0A3F845204D
:10B4100005F0A0F8432005F09DF8482005F09AF8C3
:10B42000412005F097F8522005F094F8472005F0E8
:10B4300091F8452005F08EF81CE7FDF75BFE012032
:10B4400005F080F8012005F073F80021084605F0AA
:10B4500065F8452005F07EF8782005F07BF874202B
:10B4600005F078F806E7FDF745FE4FF480612148C6
:10B47000FDF74AFE002005F065F8022005F058F8B7
:10B480000021232005F04AF8422005F063F841200E
:10B4900005F060F84C2005F05DF8412005F05AF801
:10B4A0004E2005F057F8432005F054F8492005F0E8
:10B4B00051F84E2005F04EF8472005F04BF8D9E63C
:10B4C000FDF718FE4FF480610B48FDF71DFED1E635
:10B4D000D84B0020BC4B0020146D010814750108E6
:10B4E00014690108145D0108146501080000C842D0
:10B4F0000000D442146101081471010808B542F239
:10B5000010710C48FFF738FE20B10B4B1B7843B18C
:10B51000FDF7E6FDFDF702FE10B1074B00221A70A1
:10B5200008BD3C210220FDF76DFD034B01221A707E
:10B53000EEE700BFB84B0020CC4B0020094B13F8BE
:10B5400030308B4207D0074B03F8301003EBC003B9
:10B5500001225A607047034B03EBC0035A68013263
:10B560005A6070470C00002008B505210848FFF715
:10B5700013FE28B1074B1B782BB1064B00221A7023
:10B58000044B187808BD034B01221A70F8E700BF7E
:10B59000FC4B0020F84B002008B564210848FFF759
:10B5A000EBFD28B1074B1B782BB1064B00221A701C
:10B5B000044B187808BD034B01221A70F8E700BF4E
:10B5C000F44B0020F14B002010B51A4B1B7873B1DF
:10B5D0001948FFF7D1FD10B9164B187810BD154B5F
:10B5E00000221A70F7F71AFC134B1860F4E70446B0
:10B5F0001148FFF7C1FD0028EED0104B03EBC40348
:10B600005B68142B04D90D4B03EBC40314225A605E
:10B610000A4B03EBC4035B683BB1084A02EBC4026C
:10B62000013B5360034B01221A70F7F7F7FB024B03
:10B630001860D1E7F04B0020EC4B00200C000020FC
:10B6400010B51A4B1B7873B11948FFF795FD10B967
:10B65000164B187810BD154B00221A70F7F7DEFB59
:10B66000134B1860F4E704461148FFF785FD0028E6
:10B67000EED0104B03EBC4035B68052B04D90D4BD4
:10B6800003EBC40305225A600A4B03EBC4035B6857
:10B690003BB1084A02EBC402013B5360034B012259
:10B6A0001A70F7F7BBFB024B1860D1E7E84B00209C
:10B6B000E44B00200C00002008B5114B1B787BB137
:10B6C00001461048FFF758FD10B90D4B187808BD1A
:10B6D0000B4B00221A70F7F7A1FB0A4B1860F4E736
:10B6E00000FB01F10748FFF747FD0028EDD0044BB0
:10B6F00001221A70F7F792FB024B1860E5E700BFD2
:10B70000E04B0020DC4B002010B5002413E06BB1AF
:10B71000012B0FD10121E0B2FCF704F90AE0072B5D
:10B7200044D020D9082BF5D0092B03D10021E0B259
:10B73000FCF7F8F80134022C42D8224B13F83430CD
:10B74000052B29D0EBD8022B18D0E0D9032B1CD025
:10B75000042BEFD132212046FFF736FF0146E0B23D
:10B76000FCF7E0F8E6E7062BE4D10A21C820FFF752
:10B77000A3FF0146E0B2FCF7D5F8DBE7FFF7F4FEE4
:10B780000146E0B2FCF7CEF8D4E7FFF705FF01462B
:10B79000E0B2FCF7C7F8CDE74FF4FA712046FFF7A7
:10B7A0004FFF0146E0B2FCF7BDF8C3E704214FF4B8
:10B7B0007A70FFF781FF0146E0B2FCF7B3F8B9E712
:10B7C00010BD00BF0C00002008B5FCF783F8FFF7A0
:10B7D0009BFFFFF7BDFC08BD30B585B00024039486
:10B7E00000F1006505F5C835012302930D4B019367
:10B7F0000094312C0FDC04F132030B4A52F8233051
:10B80000AB420AD2019303A96846F9F789FA0346C5
:10B8100020B90134EDE7002300E00023184605B00D
:10B8200030BD00BF009001087053010808B590B109
:10B83000034600F00100DFF85CC08CF8000023F044
:10B840000103DFF854C0CCF8003068B9134B19601D
:10B85000134B012119700F4B1B7803B9BAB1104B70
:10B860001B783BB9184608BD0C48036843EA01231E
:10B870000360EDE7094B1A680023074909680120B6
:10B88000F9F7DAF9064B4FF000021A70EBE71046B1
:10B89000E9E700BF0C4C0020084C0020044C0020BD
:10B8A000004C0020F8B507460E461546002400E07F
:10B8B0000134AC420CD207F1006000F5C830002220
:10B8C000315D2044FFF7B2FF03460028F0D000E0CE
:10B8D00000231846F8BD000098B500AF01220021F2
:10B8E0000846FFF7A3FF1C4C236943F00073236154
:10B8F0000520F7F799FA236923F0007323610520E7
:10B90000F7F792FA236943F4003323610520F7F730
:10B910008BFA236923F4003323610520F7F784FAB7
:10B92000F9F710FF0D4B5C680D4B4FF000625A6049
:10B93000002309E00B4A03F1800152F8210003F1D2
:10B94000200142F821000133072BF3DD034B1B6874
:10B9500083F30888A04798BD001002400020030828
:10B9600000ED00E000E100E000B583B000218DF8BB
:10B9700007100B460DF107024420FBF7F5FD08B94F
:10B9800003B000BD00230DF1070219464520FBF767
:10B99000EBFD0028F4D000230DF10702194620200A
:10B9A000FBF7E2FD0028EBD000230DF1070219465A
:10B9B0001D20FBF7D9FD0028E2D000230DF107027E
:10B9C00019462E20FBF7D0FD0028D9D00120D7E75B
:10B9D00010B582B000218DF807100B460DF107025B
:10B9E0004420FBF7C1FDA8B30124E4B200230DF10C
:10B9F000070219464520FBF7B7FD68B302231C4335
:10BA000000230DF1070219464020FBF7ADFD28B3D6
:10BA100004231C4300230DF1070219462020FBF7E5
:10BA2000A3FDE8B108231C4300230DF107021946CA
:10BA30001D20FBF799FDA8B110231C4300230DF135
:10BA4000070219462E20FBF78FFD00B1202020436E
:10BA500002B010BD0446C8E70346D0E70346D8E766
:10BA60000346E0E70346E8E700B583B00F238DF80F
:10BA7000063003238DF8043002238DF805300723A8
:10BA80008DF80730019A01214420FCF7CFFA03B06A
:10BA900000BD000000B583B0044B01AA0121442081
:10BAA000FCF730FB019803B000BD00BF6F12833B71
:10BAB00000B585B0064B1A68B2F94030D26B0092DF
:10BAC00003AA01214420FCF7D7FA039805B000BD72
:10BAD000244C002008B50146034B1B6883F8710C09
:10BAE0002E20FCF733FA08BD284C002038B50C4650
:10BAF0001546244B1B78834218D078B1224B1B6823
:10BB000093F8D42052B193F8D5301BB11F4B0222C9
:10BB10001A7006E01D4B05221A7002E01B4B012231
:10BB20001A70003818BF0120164B1870174B1B787D
:10BB3000022B04D0154B1B78052B0ED038BD4FF0CF
:10BB40007D512846F6F746FC2146F6F7EBFD002826
:10BB5000F0D00E4B03221A70ECE74FF07D512846CF
:10BB6000F6F738FC2146F6F7E7FD0028E6D0064B4D
:10BB70001B6893F8D530002BE0D0044B04221A70D8
:10BB8000DCE700BF144C0020244C0020164C0020A1
:10BB900010B504460A46002307211846FDF7FEF8B3
:10BBA0000023224606211846FDF7F8F80123224615
:10BBB00005210020FDF7F2F810BD000008B5584B34
:10BBC0001B78584A127893421CD0032B4DD026D8AC
:10BBD000012B06D0022B35D0002B6CD1504B01220B
:10BBE0001A7000210846FFF7D3FF4F4B1B68002255
:10BBF00083F86C2C83F86D2C83F86E2C484B1A78E4
:10BC0000484B1A70464B1B78022B58D0444B1B787C
:10BC1000032B61D0424B1B78042B6AD008BD042B48
:10BC200036D0052B47D100210120FFF7B1FF3E4B55
:10BC30001B68012283F86C2C002283F86D2C83F89A
:10BC40006E2CDBE701210020FFF7A2FF364B1B68BB
:10BC5000002283F86C2C012183F86D1C83F86E2C74
:10BC6000F7F7DCF8314B1860C8E701210846FFF709
:10BC70008FFF2D4B1B68012283F86C2C83F86D2CF1
:10BC8000002283F86E2CF7F7C9F8284B1860B5E747
:10BC900000210846FFF77CFF234B1B68002283F836
:10BCA0006C2C83F86D2C012283F86E2CF7F7B6F814
:10BCB0001E4B1860A2E71A4B01221A709EE71C4B1C
:10BCC0001B68D3F8D8101948FFF756FA00289DD002
:10BCD000134B04221A7099E7154B1B68D3F8E01038
:10BCE0001248FFF749FA002894D00D4B05221A702C
:10BCF00090E70F4B1B68D3F8DC100C48FFF73CFAB9
:10BD000000288BD00A4B1B6893F8D5301BB1044B2D
:10BD100002221A7082E7024B05221A707EE700BFEA
:10BD2000164C0020154C0020284C0020184C0020F8
:10BD3000244C0020F0B583B04F4E33684F4D2F6830
:10BD40004F4CB3F8CC20D3F8AC10D3F8BC00002390
:10BD500000932346FBF794FFC7F8BC0033682F68B5
:10BD6000B3F8CC20D3F8AC10D3F8BC000123009377
:10BD70002346FBF785FFC7F8C00033682F68B3F888
:10BD8000CC20D3F8AC10D3F8BC0002230093234698
:10BD9000FBF776FFC7F8C40033682F68B3F8CC20F0
:10BDA000D3F8AC10D3F8BC00032300932346FBF771
:10BDB00067FFC7F8C80033682F68B3F8CC20D3F802
:10BDC000AC10D3F8BC00042300932346FBF758FFC4
:10BDD000C7F8CC0033682F68B3F8CC20D3F8AC1088
:10BDE000D3F8BC00052300932346FBF749FFC7F8AF
:10BDF000D00033682F68B3F8CE20D3F8B010D3F852
:10BE0000C000062300932346FBF73AFFC7F8D4008F
:10BE100033682D68B3F8CE20D3F8B010D3F8C00043
:10BE2000072300932346FBF72BFFC5F8D800FDF747
:10BE30008DF838B94FF4FA711248FFF79DF968B9D7
:10BE400003B0F0BD0D4C2568FDF736F8C5F8DC00F1
:10BE50002468FDF74DF8C4F8680CEBE70A4C20782D
:10BE6000FCF7E0FF2378012B03D0074B01221A7067
:10BE7000E6E700222270E3E7244C0020284C002053
:10BE80000000C841104C002024000020204B1B68FB
:10BE90000020C3F8480CC3F84C0CC3F8500CC3F88E
:10BEA000540CC3F8580CC3F85C0C002283F8622CC5
:10BEB00083F8652C83F8672C1649C3F8BC10C3F8C7
:10BEC000C010C3F8C410C3F8C810C3F8CC10C3F82E
:10BED000D010C3F8D410C3F8D810C3F8DC10C3F8DE
:10BEE000680C83F86C2C83F86D2C83F86E2C83F827
:10BEF0006F2C83F8702C83F87B2C83F87C2CA3F8B0
:10BF0000722CA3F8742CA3F8762CA3F8782C704725
:10BF1000284C002000004843F0B585B041F288313C
:10BF20004E48FFF729F908BB64214D48FFF724F973
:10BF3000002872D04B4B1B6893F8442C002A00F069
:10BF40008980494A126892F8A91019B992F8A82074
:10BF5000002A6AD093F8FA207AB193F8FC306BB1DA
:10BF600002F022F800285ED0012307E0FFF7FCFC76
:10BF70003C4B1B6883F8440CD6E713461F46394CEC
:10BF800023681D462E216846FCF714F80099019A93
:10BF9000029BC5F8721CC5F8762CC5F87A3CFBF7F5
:10BFA0001BFF256885F8660CFBF74AFFC5F8540CA3
:10BFB00023681D46FBF754FFC5F8580C23681D463F
:10BFC000D3F8546CD3F8581C3046F6F703FAC5F88A
:10BFD0005C0C264A26493046FBF754FF256885F855
:10BFE000670CFFF757FDC5F8480C23681D46FFF79F
:10BFF0005FFDC5F84C0C2568D5F84C1CD5F8480CED
:10C00000F6F7E8F9C5F8500CFFF794FE23681A69B3
:10C01000D3F8481C3846FFF769FDFBF7E3FEFFF74E
:10C02000CDFD05B0F0BD0346A8E793F8FA2052B164
:10C0300093F8FC2052B193F803312BB101F0B4FF17
:10C0400030B1012300E013461F4698E71346FBE793
:10C050000346F9E7FFF71AFFDFE700BF204C002097
:10C060001C4C0020284C0020244C0020CDCC4C3D02
:10C070000000404108B50A4B1B68002283F8602C81
:10C0800083F8612C83F8632C83F8642C83F8662C86
:10C0900083F8712C83F87A2CFFF7F8FE08BD00BFF7
:10C0A000284C002010B582B01B4C20601B4B19603F
:10C0B000FBF708FAFFF758FC236883F8440CFFF7F6
:10C0C000D9FF174B01221A700023164A1370164A23
:10C0D0001370206890F8443CDBB1FBF73DFE012073
:10C0E000FBF774FE64212E20FBF7F2FE0020FFF721
:10C0F000F1FCFFF7B9FCF7210191072000900B46F6
:10C100000246FCF703FEFBF727FDFCF775FE02B0C5
:10C1100010BDFFF7BBFEFAE7284C0020244C00209E
:10C12000164C0020154C0020144C0020054A1178B4
:10C13000054B1970054B1B781370054A1268137371
:10C14000704700BF7A4C00207B4C0020794C0020C7
:10C15000744C0020044B1870044B1870044B18707A
:10C16000044B1B6818737047794C00207A4C0020F0
:10C170007B4C0020744C002008B5114B1860114B0B
:10C180001960114B1A600020FFF7E4FFF6F746FE36
:10C190000E4B1860F6F742FE0D4B18600D4B032254
:10C1A0001A700D4B00221A70FFF712F8F6F736FEE0
:10C1B0000A4B1860F6F732FE094B186008BD00BF45
:10C1C000744C0020704C00206C4C00204C4C002023
:10C1D000484C0020784C00202C4C0020384C00208B
:10C1E0003C4C0020014B1870704700BF794C002078
:10C1F00070B5054602F04EF838B1144B1B6893F841
:10C20000FD209AB193F8FE3083B1104B1A681446A2
:10C210000F4B1B681E46996E9069F6F797FA50B15E
:10C2200094F8FD303BB194F8FE3023B1F6F7F6FDFB
:10C23000084B186070BDF16E0648FEF79DFF0028A0
:10C24000F8D02846FFF786FFF4E700BF744C0020C3
:10C25000704C0020484C002008B502F05DF901F058
:10C2600069F8002002F048F808BD000008B5074B47
:10C270001B78022B01D0082B05D1F6F7CFFD044B1C
:10C280001B68C01A08BD0020FCE700BF7A4C0020E4
:10C29000504C0020A8B108B50B4A126892F805214D
:10C2A00002B908BD4FF47A710848FEF765FF30B156
:10C2B000054B1A6892F80531013B82F805310020E0
:10C2C000EFE70120704700BF744C0020304C002085
:10C2D00010B582B0A54B1B78062B00F04F827AD8A0
:10C2E000032B00F089814ED8012B00F0F880022B3F
:10C2F00000F01781002B40F04B8301F0CBFF0028AA
:10C3000000F0C8800120FFF76DFF02210120FFF738
:10C3100015F9F6F783FD964B186001F00BF8954B75
:10C320001B68D3F888109448FEF726FF40B1934B62
:10C330001B6893F8FB30002B00F0C480FFF7F6FE7B
:10C340008F4BDA6800920ECB0120FEF76BFF01F0F5
:10C35000C3FF002840F0208301F0A6FF002840F032
:10C360002683864B1B6893F8433C43B9854A127871
:10C37000934204D0844A1278002A00F03183FFF7F8
:10C38000BDF802B010BD042B00F0DC81052B40F09D
:10C39000FF827E4A1278934240F0EB8100F0CAFFA0
:10C3A00000210120FFF7CAF800210846FFF7C6F870
:10C3B000FFF7BCFE724BDA6800920ECB0420FEF74A
:10C3C00031FF4FF4FA617248FEF7D6FE0028BED066
:10C3D000FFF742FFBBE7092B00F03E8231D90A2B61
:10C3E00000F08E820B2B40F0D382002001F078F910
:10C3F000002001F07FF900F08DFF002800F09D8201
:10C40000012001F063F9012001F054F95B4B1B6836
:10C41000986920F00040574B1B68D3F89010F6F74E
:10C420008BF9002800F096824FF47A715948FEF794
:10C43000A3FE002800F09282F6F7F0FC564B18603D
:10C440008CE2072B00F0BC81082B40F0A1824F4A00
:10C450001278934240F0DD81464B1B68D3F884107C
:10C460004E48FEF789FE002840F0D88103210020C5
:10C47000FFF764F803210120FFF760F800F05AFF8E
:10C48000FFF754FE3E4BDA6800920ECB0620FEF713
:10C49000C9FE5CE701F07EFF60B9414B1B78002BC1
:10C4A0007FF43BAF0220FFF79DFE01210846FFF716
:10C4B00045F832E70220FFF795FE01210846FFF715
:10C4C0003DF82AE701F0E6FE00287FF437AF0420AC
:10C4D000FFF788FEF6F7A2FC324B18602EE7274BD9
:10C4E0001B6893F8FE30C3B10520FFF781FE0020E2
:10C4F00001F0E0F8002001F0E9F8012001F0F0F887
:10C50000012001F0F7F8FFF711FE1D4BDA680092E9
:10C510000ECB0320FEF786FE19E70920FFF762FE27
:10C52000E2E71A4A127893423ED1144B1B6893F803
:10C53000FB301BB9144B1B78002B43D0012001F0BA
:10C54000B9F800F0E7FE002848D00C4B1B6893F8C0
:10C55000FB301BB90C4B1B78002B3FD00A4B1B78D0
:10C56000C3B30B20FFF73EFE3FE000BF7A4C002034
:10C57000484C0020704C00204C4C0020744C002093
:10C580005C4C0020784C00202C4C00207B4C002080
:10C59000344C00203C4C0020384C0020404C002003
:10C5A000794C0020444C0020F6F738FC9D4B186075
:10C5B000002001F08BF8002001F092F8002001F03B
:10C5C00099F8B2E7184601F075F8F6F727FC954B95
:10C5D0001860B6E70320FFF705FE06E0924B1B68E4
:10C5E000596F9048FEF7C8FD10B9FFF79FFDAEE602
:10C5F0000820FFF7F7FDF8E700F08CFE00283AD09E
:10C60000012001F063F8012001F054F8864C236802
:10C6100093F8A600003818BF012001F061F82368E4
:10C6200093F8A600003818BF012001F063F801F06C
:10C6300031FE20B17C4B1B6893F8A63043B37B4B93
:10C640001B6893F8FB3083B3784B1B68986920F024
:10C650000040754B1B68D3F89010F6F76DF888B35F
:10C660004FF47A717248FEF787FD78B3F6F7D6FB80
:10C67000704B18602AE00220FFF7B4FD002001F0A3
:10C6800025F8002001F02CF8002001F033F8CEE767
:10C690001846FFF7A7FD002001F018F8002001F070
:10C6A0001FF8002001F026F8C9E70220FFF79AFDE5
:10C6B000002001F00BF8002001F012F8002001F03A
:10C6C00019F8C1E7F6F7AAFB594B1860564B1B68DF
:10C6D000D3F894105748FEF74FFD08BB534B1B6827
:10C6E00093F8022172B193F8FE203AB94E4A1268CB
:10C6F0001446516ED86CF6F70BF8A8B9F6F78EFB16
:10C700004D4B1860FFF712FD4C4B1B681A684C4BE1
:10C710001A60DA6800920ECB0220FEF783FD16E65F
:10C720000520FFF75FFDD9E7216E4348FEF724FDA2
:10C730000028E7D0002001F0FFFEF6F76FFB3E4B2C
:10C740001860DFE700F0F6FD3D4BDA6800920ECB93
:10C750000820FEF767FD344B1B68D96F3948FEF798
:10C760000BFD10B9FFF7E2FCF1E50520FFF73AFDFC
:10C77000F8E7F6F753FB344B18600FE6FFF76CFD54
:10C780002F4BDA6800920ECB0720FEF74BFD0020FE
:10C7900000F09CFF002000F0A3FF002000F0AAFFA3
:10C7A000224B1B6893F8FB3013B9284B1B781BB145
:10C7B000012000F07FFFCAE5184600F07BFFC6E5C8
:10C7C000234A127893421BD1174B1B68D3F8801071
:10C7D0002048FEF7D1FCC0B903210020FEF7AEFED1
:10C7E00003210120FEF7AAFE00F0A4FDFFF79EFC46
:10C7F000134BDA6800920ECB0520FEF713FDA6E579
:10C80000F6F70CFB134B1860DEE70520FFF7EAFC98
:10C81000E2E7F6F703FB0F4B18601DE60520FFF774
:10C82000E1FC23E6504C0020704C0020744C0020AA
:10C830003C4C0020384C0020544C00206C4C002014
:10C840005C4C0020444C0020344C00202C4C002038
:10C850007B4C0020404C0020644B1B68644A1468E9
:10C86000A16E9869F5F754FF58B1E16D6148FEF784
:10C8700083FC50B10A20FFF76DFC002001F05CFE44
:10C8800003E0F6F7CBFA5B4B1860584B1B6893F844
:10C89000FE203AB9564A12681446516ED86CF5F724
:10C8A00037FF00BBF6F7BAFA534B18600520FFF7C5
:10C8B0009FFC002000F0FEFE002000F007FF01209A
:10C8C00000F00EFF012000F015FFFFF72FFC4B4B8F
:10C8D000DA6800920ECB0920FEF7A4FC06210120A5
:10C8E000FEF72CFE33E5216E4348FEF745FC002899
:10C8F000DCD00A20FFF72EFC002001F01DFED5E75A
:10C900000520FFF775FC002000F0D4FE002000F0A9
:10C91000DDFE002000F0E4FE002000F0EBFE072129
:10C920000120FEF70BFEFFF701FC344BDA680092A2
:10C930000ECB0A20FEF776FC09E50220FFF752FC39
:10C94000002000F0C3FE002000F0CAFE002000F02E
:10C95000D1FE5BE5F6F762FA294B1860244B1B68A1
:10C96000D3F894102748FEF707FC68B9234BDA6820
:10C9700000920ECB0B20FEF755FC07210120FEF79D
:10C98000DDFDFFF7D3FBE2E40520FFF72BFCEDE72D
:10C990000720FFF7DFFBDAE401201B4B187000F0E3
:10C9A000B3FC0220FFF71EFCFCF7DCFCD4E4104BC8
:10C9B0001B6893F8AB00003818BF0120FFF76AFC32
:10C9C00000283FF4CEAC0520FFF70CFC0B4BDA68D7
:10C9D00000920ECB0420FEF725FCFFF7A7FBC0E476
:10C9E0000A4A13700720FFF7FDFBC8E4744C0020CF
:10C9F000704C0020584C0020544C00205C4C00200F
:10CA00003C4C0020384C00202C4C0020784C00205E
:10CA1000054B1B6893F806211AB9044B1B6818785C
:10CA2000704793F808017047B84C0020B44C0020C0
:10CA3000064B1B68B3F8A22022B9B3F8A0301BB193
:10CA4000012070470120704718467047B44C002001
:10CA500001460023184601E00133DBB20D2B07D855
:10CA600021FA03F212F0010FF6D00130C0B2F3E761
:10CA70007047024600200D2807D822FA00F313F071
:10CA8000010F03D10130C0B2F5E7FF20704700006D
:10CA900010B50A4B1B681C6F00212046F5F742FEBB
:10CAA00038B94FF07E512046F5F750FE18B92046B0
:10CAB00010BD034CFBE7024CF9E700BFB44C00206B
:10CAC000CDCC4C3F10B5084B1C682078F5F72EFCF8
:10CAD000A168F5F77FFC04460449F5F719FE08B98B
:10CAE000204610BD014CFBE7B44C00200000204163
:10CAF000124B1B6893F8F82082B993F8FA207AB9A0
:10CB00001B7B7BB1052B0FD0042B0FD0062B0FD036
:10CB1000072B0FD0082B0FD010467047002070470E
:10CB200000207047012070470120704701207047A6
:10CB3000012070470120704701207047B84C002049
:10CB400070B5114B1C6894F83C30D3B1FFF7D0FF9F
:10CB5000B0B16169E06AF5F73DFC05460B49F5F7B0
:10CB6000D7FD08B1094B1D464FF001031E4629466B
:10CB7000A06AF5F7E1FD10B94FF000031E46F0B2D0
:10CB800070BD1846FCE700BFB84C002000002041F3
:10CB90002DE9F041FFF796FF0546FFF779FF1D4BA2
:10CBA0001C68E062256300236363A363002384F8A9
:10CBB0003C3084F83D3084F83E3094F81A313BB371
:10CBC0000646294694F81C3113B365692846F5F7E3
:10CBD0009FFDE8B9A76A29463846F5F7AFFC8046BD
:10CBE000606339462846F5F7EBFAA063012384F821
:10CBF0003C301D4631464046F5F79EFD10B94FF0DA
:10CC000000031D4684F83D50FFF79AFF84F83E006C
:10CC1000BDE8F081B84C002010F4005F10D110F492
:10CC2000C05F0FD110F4C06F0ED110F4E07F0DD1B2
:10CC300010F0300F0CD110F00F0F0BD10020704707
:10CC40000620704705207047042070470320704776
:10CC5000022070470120704743F6FA70704708B50C
:10CC6000FFF7FAFF40F0040008BD08B5FFF7F4FF36
:10CC700040F0010008BD43F63A007047002312E07F
:10CC80000A4A126803EB430102EB8101D1F87CC32D
:10CC900003F1240042F830C091F8801302EBC00287
:10CCA00011710133DBB24A2BEAD97047B84C00202E
:10CCB0000023194601E00133DBB20F2B0BD8084AE1
:10CCC00012681A4492F85C20002AF4D001229A409B
:10CCD00092B21143EFE7024B1B68A3F85010704764
:10CCE000B84C00202DE9F04106460F469046002141
:10CCF000084621E04FF0000E14E00CF1010C5FFA41
:10CD00008CFCBCF10E0F15D8C1EB01135CFA83F358
:10CD1000DBB2B5F800E02EFA0CFE1EF00102E9D0FD
:10CD20004FF0010E234483F85CE0002AE5D0013087
:10CD3000C0B2E2E70131C9B204290DD806EB4105C2
:10CD40000B4B1C6836F8112001F1280304EB430358
:10CD50005A804FF0000CD4E7054B1B6883F8A7708E
:10CD600083F8A88083F8A900FFF7A2FFBDE8F0814F
:10CD7000B84C00200A4B1B681B7B082B05D8042BE2
:10CD800007D2012B07D101207047092B05D10120C3
:10CD9000704700207047002070470020704700BF98
:10CDA000B84C002038B5104B1C68D4F80C51FFF774
:10CDB00062FF054216D1FFF7DDFFA0B194F8FD3008
:10CDC00013B194F8FA303BB194F8023133B994F8C6
:10CDD000FE302BB9012006E0012004E0012002E032
:10CDE000002000E0002038BDB84C00202DE9F047BD
:10CDF00082B0054688464FF0000928E00134E4B2CD
:10CE000008F1FF339C421BD205EBC407631C05EB02
:10CE1000C30655F8331055F83400F5F779FC0028AF
:10CE2000ECD097E80300CDE9000196E8030087E81D
:10CE30000300DDE9000186E803004FF0010ADDE7A9
:10CE4000BAF1000F08D009F101095FFA89F9C1456B
:10CE500002D20024A246D3E702B0BDE8F08700006A
:10CE6000094AA2FB0032D3081A46C3EB0313C31AC4
:10CE7000DBB24A2806D8054931F81200D84000F044
:10CE8000010070470020704789888888085601088B
:10CE900010B5002401E00134E4B24A2C15D8204634
:10CEA000FFF7DEFF01460028F5D0094B1B681A1971
:10CEB00092F8F82B3AB104EB440203EB820393F8A7
:10CEC0005337002BE7D1084610BD0021FBE700BF18
:10CED000B84C00202DE9F041FFF7AAFD8046494BF0
:10CEE0001D6895F806313BB3286C0746464B1E6813
:10CEF000B169F5F721FCE8B90446F1683846F5F761
:10CF00001BFC08B144F002046B6C1F4631691846E3
:10CF1000F5F708FC20B971693846F5F703FC08B14C
:10CF200044F00404B1683846F5F7FCFB28B144F03E
:10CF3000080402E00124E0E7102495F8093113B158
:10CF400095F80A310BB144F0200443464BB195F8F3
:10CF500017310BB944F08004FFF79AFF08B144F48D
:10CF60008074294B1E68B6F8A2302BB12749D5F83A
:10CF7000E000F5F7EBFB40B9B6F8A0303BB1234930
:10CF8000D5F8EC00F5F7E2FB08B144F0400495F861
:10CF90001A312BB195F81B3113B195F81D310BB92E
:10CFA00044F4007495F81C310BB944F480642E7B72
:10CFB000082E1ED0FFF7C4FD08B144F48054072E9C
:10CFC0001AD0C5F80C41D5F810312343C5F81031FB
:10CFD0002046FFF73DFD85F814012046FFF749FD87
:10CFE00085F815012046FFF717FE85F81601BDE804
:10CFF000F08144F40064DDE7002CE2D144F40054F5
:10D00000DFE700BFB84C0020B44C002000008C4289
:10D0100038B50024254601E00134E4B24A2C07D893
:10D020002046FFF71DFF0028F6D00135EDB2F3E7EB
:10D03000284638BD002309E0144A126803F12A018A
:10D0400002EB8102124951600133DBB20C2BF3D9A0
:10D05000002313E00D4A126803F2B22102EB8101B2
:10D060000B484860D018002180F8F81B03EB430000
:10D0700002EB800282F853170133DBB24A2BE9D965
:10D08000024B1B68002283F817217047B84C002020
:10D09000000048432DE9F04706468A464588A5F238
:10D0A00014539BB240F27442934201D8002413E01F
:10D0B000274B0B600020F07241E003EBC4035B6878
:10D0C000CAF8003039E0234B03EBC8035B68CAF8A9
:10D0D000003032E00134E4B21F2C32D804F10108F0
:10D0E0001C4B33F83470BD42F4D833F83800854215
:10D0F000F0D3BD42E1D08542E5D0381AF5F716F9F4
:10D100008146781BF5F712F90546124B03EBC80868
:10D1100003EBC4035C682146D8F80400F5F750F827
:10D1200001462846F5F756F94946F5F707FA01464C
:10D130002046F5F747F8CAF800000120F072BDE874
:10D14000F087034BCAF800300020F072F7E700BF09
:10D150000000484300550108F0B583B00446FFF7CE
:10D1600057FF0746FFF766FF1D4B1B6883F81971D1
:10D17000002C31D00024264601E00134E4B24A2CD0
:10D1800020D8184B0193164D286804EB44039B00EC
:10D1900003F5E96301A91844FFF77CFF2B6804F24B
:10D1A000B22203EB820201995160234483F8F80B09
:10D1B0000028E2D02046FFF753FE0028DDD00136DC
:10D1C000F6B2DAE71FB1BE4208D0002200E03A46CC
:10D1D000034B1B6883F8172103B0F0BD0122F7E76A
:10D1E000B84C00200000484308B50D4B18680021DA
:10D1F00080F8091180F80A1180F80B11C0F80C11A1
:10D20000C0F8101180F81411FF2380F8153180F850
:10D2100016114B2200F2FC6004F029FA08BD00BF91
:10D22000B84C002008B50C4B18680021A0F850102D
:10D230004FF0000380F8A73080F8A81080F8A910FC
:10D24000C0F85210C0F85610A0F85A104B225C30AB
:10D2500004F00DFA08BD00BFB84C002000B589B03D
:10D26000FBF7B8FC48B104A8FBF796F900220121AE
:10D2700005A8FFF737FD09B000BD6846FBF78CF93C
:10D28000FFF7D0FF9DF801309DF80010024A1268A8
:10D290000B4482F8A830EEE7B84C002000B5A9B0E6
:10D2A000D0B16846FBF788F94F22694614A804F00C
:10D2B000D1FA144B18689DF8533080F809319DF865
:10D2C000523080F80A319DF851309DF850201344B7
:10D2D00080F80B31002308E0FFF786FF29B000BD7E
:10D2E000024482F8FC160133DBB24A2BF6D81A4608
:10D2F00003F1A001694411F84C1C0029F0D0012170
:10D30000EEE700BFB84C0020014B1870704700BF1B
:10D310008C4C0020064B1B6893F83C2022B193F8FC
:10D320003D301BB9184670471046704701207047C2
:10D33000B84C002008B5104B1B6893F8F81093F810
:10D34000FAC093F8F92093F8FD0041EA0C010A4372
:10D35000104308D0002283F8F82083F8FA2083F8DD
:10D36000F92083F8FD20002283F80021FFF776FFE3
:10D37000FAF71AFB08BD00BFB84C00202DE9F041B8
:10D38000FFF746FB1E4B1E6896F8063133B1804608
:10D39000002737641B4B7364002407E000233364C9
:10D3A0007364B364F36429E00134E4B2444518D2F1
:10D3B00004EB440306EB8303D3F87C532946384639
:10D3C000F4F700FF07462946306CF5F7A1F900B1E4
:10D3D00035642946706CF5F7B9F90028E4D0756416
:10D3E000E2E74046F4F79EFF01463846F5F7A6F817
:10D3F000B064716C306CF4F7E3FEF064BDE8F0816A
:10D40000B84C00200000204170B582B00646134D94
:10D41000286800F55E70FBF7CBF90446FBF798F837
:10D42000ADF804002B6883F806419DF8042083F8CA
:10D4300007212CB9FFF7A2FF36B1FFF70FFF03E07A
:10D44000FFF71CFCFFF79AFFFBF709F918B9034B2C
:10D450001B6883F80601204602B070BDB84C00205E
:10D4600010B50020FFF7D0FF0446FFF733FD20463C
:10D4700010BD0000F0B5ADF51F7D00239B939C937C
:10D48000ADF87432FFF7C4FA05465B4B19685B4888
:10D49000FDF772FE002800F0AC80594A137883F043
:10D4A000010313701BB1574A1268516C00E0C82188
:10D4B000514A11603BBB0023042B5FD8524A32F81B
:10D4C00013109EAA02EB430232F80C2C91426AD14F
:10D4D0000133DBB2F0E74D4A126803EB430102EB84
:10D4E0008102D2F87C1305AA42F8331002EBC30282
:10D4F00013710133DBB2AB42EDD3294605A8FFF728
:10D5000075FC002403E00023F5E70134E4B2AC42EB
:10D51000D1D23C4B1E6896F84830A342CBD905AB1C
:10D5200053F83470394B1B68F169586CF4F74AFEB4
:10D5300001463846F5F700F90028E6D0316A38464A
:10D54000F5F7FAF80028E0D005AB03EBC4031A792D
:10D550002F4BA3FB0213D9080B46C1EB0111521A42
:10D56000D2B29EA901EB430333F80C0C012101FA5E
:10D5700002F292B2024323F80C2CC6E700234BB30D
:10D580009BA8FBF721FB80B101A8FBF705F800225F
:10D59000012102A8FFF7A6FB1B4B9EAA12E9070078
:10D5A00003C31A8025E00123E9E701AC2046FAF71E
:10D5B000F3FFFFF737FE9DF805309DF80410134A7E
:10D5C00012680B4482F8A8300F4B00221A605A6090
:10D5D0001A810EE001AC2046FAF7DEFF9DF8052027
:10D5E0009DF804301A44D2B29DF807100648FFF7A0
:10D5F00079FB0DF51F7DF0BD28000020A04C002018
:10D600008A4C0020B44C0020804C0020B84C0020F4
:10D61000898888882DE9F041244B1B6893F8FA200B
:10D6200042B193F8FB2022B9214A127812B10122AB
:10D6300000E00122904693F8F840003C18BF012416
:10D6400093F8FD2022B193F8FE3013B1012300E0DE
:10D6500013461F46FFF73EFC144B1E68D6F80C51CC
:10D66000FFF7FDFA284201D000239846FFF7F4FAAD
:10D67000284200D00024FFF7F8FA284201D0002306
:10D680001F4696F8003113B13B4607B101231D46F2
:10D690002046FAF759F94046FAF762F93846FAF7A0
:10D6A0006BF92846FAF774F9BDE8F081B84C002010
:10D6B0008C4C002008B5044B1B6883F8F80083F8F5
:10D6C000F900FFF7A7FF08BDB84C002008B5034BD1
:10D6D0001B6883F8FA00FFF79DFF08BDB84C0020D7
:10D6E00008B5034B1B6883F8FD00FFF793FF08BDE7
:10D6F000B84C002008B5034B1B6883F80001FFF706
:10D7000089FF08BDB84C00202DE9F047FFF780F9EC
:10D710000746FFF733FE864B1E6896F80631002B4E
:10D7200079D19A46994696F8433C002B00F0B68092
:10D73000804B1B681969706CF4F7F4FF00286ED1F8
:10D740007B4B1C687B4B1B685969606CF4F7EAFFE4
:10D7500000286CD1764B1C68764B1B689969206C4D
:10D76000F4F7EAFF00286AD1714B1B685D6C714BBE
:10D770001C68216D2069F4F725FD01462846F4F761
:10D78000DBFF002863D16A4B1B685D6C694B1C682A
:10D79000216D6069F4F716FD01462846F4F7CCFFC9
:10D7A000002860D1624B1B681D6C624B1C68A16D28
:10D7B000A069F4F705FD01462846F4F7B3FF0028F9
:10D7C0005DD15B4B1B6893F8FE20002A63D093F871
:10D7D000FB20002A5FD0032283F8432C5EE0013453
:10D7E000E4B2BC429FD204EB440306EB8303D3F8BC
:10D7F0007C83504B1D684146A868F4F79DFF08B133
:10D80000012399464146E868F4F78CFF0028E6D0EA
:10D8100001239A46E3E70024A246A146E1E700235C
:10D8200086F8FB30F5F7FAFA434B186088E70023D7
:10D8300084F8FC30F5F7F2FA404B18608AE70023D1
:10D8400084F8FE30F5F7EAFA3D4B18608CE7E16C9E
:10D850003948FDF791FC002895D0354B1B68012213
:10D8600083F8FB208FE7E16C3448FDF785FC002846
:10D8700098D02F4B1B68012283F8FC2092E7616D42
:10D880002F48FDF779FC00289BD0294B1B6801220B
:10D8900083F8FE2095E7012283F8432C244B1C6873
:10D8A00094F8063193B14B4683B9534673B9256951
:10D8B000204B1B68DE683846F4F738FD3146F4F734
:10D8C00089FD01462846F4F741FF68B31D4A1378E5
:10D8D000591C1170174A126892F88C20934202D991
:10D8E000002384F8433C002384F8FB3084F8FE30A6
:10D8F000154B1A7894F8FE309A4205D1134A1178E4
:10D9000094F8FB2091420DD0003B18BF01230E4A32
:10D91000137094F8FB30003B18BF01230B4A1370BF
:10D92000FFF778FEBDE8F087064B1870E0E700BF10
:10D93000B84C0020B44C0020A84C0020A44C00207F
:10D94000AC4C00208D4C00207F4C00207E4C0020F1
:10D950002DE9F04F89B07C4B1C6894F81771002FAB
:10D960003DD17A4A1668B6F8A2A0BAF1000F5AD093
:10D97000774B0493774B0393B6F8A0B0BBF1000F3D
:10D9800040F09980002306930593B846B9460023DA
:10D9900002930193079655E031464046F4F712FC96
:10D9A00080460137FFB20135EDB24A2D20D8631908
:10D9B00093F8F83B002BF6D005F2B22304EB830377
:10D9C0005E6851463046F4F7C1FE00B1B2464946A2
:10D9D0003046F4F79DFE0028DED0B146DCE7002794
:10D9E0004FF00008DFF87091DFF868A13D46DCE7F2
:10D9F000C4F8E0A0C4F8E4909FB13846F4F792FC74
:10DA000001464046F4F79AFDC4F8E800D4F8B8306F
:10DA1000C4F8EC30C4F8F030C4F8F43009B0BDE814
:10DA2000F08F4D48F0E7002304930393A4E72946C1
:10DA30000298F4F7C7FB029008F101085FFA88F832
:10DA40000137FFB20F2F3BD83D464AFA07F313F0D8
:10DA5000010F19D007F12A0304EB83035E680399D1
:10DA60003046F4F773FE00B1039604993046F4F79C
:10DA70004FFE00B1049631460198F4F7A3FB0190E4
:10DA800009F101095FFA89F94BFA05F313F0010F67
:10DA9000D6D02A3504EB85056D6805992846F4F73C
:10DAA00055FE00B1059506992846F4F731FE002889
:10DAB000BDD00695BBE7264B0693264B059364E73E
:10DAC000079E039BC4F8E030049BC4F8E430B9F12E
:10DAD000000F31D04846F4F729FC01460198F4F7CD
:10DAE0002DFDC4F8E800059BC4F8EC30069BC4F893
:10DAF000F030B8F1000F23D04046F4F717FC014690
:10DB00000298F4F71BFDC4F8F400B6F8A23033B164
:10DB1000114BC4F8E030C4F8E430C4F8E830B6F88B
:10DB2000A030002B3FF47AAF0B4BC4F8EC30C4F8B4
:10DB3000F030C4F8F43071E70023C4F8E830D2E7DD
:10DB40000023C4F8F430E0E7B84C0020B44C0020C7
:10DB50000000C8420000C8C20000484330B583B08E
:10DB60000D4C20680D4900F5E960FBF7A7F8054664
:10DB7000FAF700FDADF8040023689DF8042083F84F
:10DB800018212846FFF7E8FAFFF7E2FEFFF7A2F9AF
:10DB9000284603B030BD00BFB84C0020085601082D
:10DBA0002DE9F04106460C460D4617469846F4F717
:10DBB000AFFD00B1264639463046F4F7C7FD00B147
:10DBC0003E4629463046F4F7FBFA0646414606989B
:10DBD000F4F7F6FA01463046F4F7FCFB0646294610
:10DBE0003846F4F7EDFA01463046F4F7A7FC414613
:10DBF000F4F7E8FABDE8F0812DE9F04782B0334B45
:10DC00001C68E16AA069F4F7DBFA8246616AF4F7FE
:10DC1000D7FA0546216B2069F4F7D4FA804601460D
:10DC2000A06AF4F7CFFA8146294B1E68294F306C61
:10DC3000294B00933B4652462946FFF7B1FFF4F7C4
:10DC4000B5FDC5B2706C0097244B4A464146FFF7BC
:10DC5000A7FFF4F7ABFDC3B2214A1278AA420BD258
:10DC6000A91A94F84200814203DD02441C490A705B
:10DC700004E01B4A157001E0194A1570194A127820
:10DC80009A420BD2991A94F84300814203DD024470
:10DC9000144B1A7004E0134A137001E0114A137018
:10DCA00096F8FE306BB10E4B1B783370084B1B6837
:10DCB00093F8FB203AB10B4A12785A7002B0BDE8D3
:10DCC000F0873370F2E75A70F8E700BFB44C0020D9
:10DCD000B84C00200000C842000020410000A040D5
:10DCE0007D4C00207C4C002000B583B00F238DF8C4
:10DCF000063003238DF8043002218DF80510072328
:10DD00008DF80730019A4020FAF790F903B000BD72
:10DD10002DE9F0414A4B19604A4F386000254A4BC3
:10DD20001D704A4B1D704A4B1D7005703B685D703D
:10DD30003C6800266660A660257326616661A66160
:10DD4000E66126626662A662FEF7A2FEE062FEF768
:10DD5000B9FE20636663A66384F83C5084F83D50A6
:10DD600084F83E5026646664A66484F8F85084F80B
:10DD7000FA50012384F8FB3084F8FC3084F8F95021
:10DD800084F8FD5084F8FE3084F8FF5084F8005188
:10DD900084F8025184F8015184F8035184F8043165
:10DDA000FF2384F8053184F8065184F807514FF0B9
:10DDB0004B0884F80881FFF717FAFFF733FA3B683E
:10DDC00083F8175183F8185183F8198183F81A5191
:10DDD00083F81B5183F81C5183F81D5183F81E51A1
:10DDE000032283F8432C1B4AC3F8AC20C3F8B020AD
:10DDF000C3F8B420C3F8B820C3F8E060C3F8E46007
:10DE0000C3F8E860C3F8EC60C3F8F060C3F8F460EE
:10DE1000FFF76AFFF8F7F8FFF9F7D4FDFAF786FB8A
:10DE2000FAF71DFCF4F7FAFF0B4B1860F4F7F6FF56
:10DE30000A4B1860F4F7F2FF094B1860BDE8F08157
:10DE4000B44C0020B84C00208D4C00208C4C00209D
:10DE50008B4C002000004843984C0020944C00203C
:10DE6000904C0020F0B587B00023059304930393F2
:10DE7000494B05AA02214020FAF744F90446474BD2
:10DE80001A68B2F93830526B009204AA022140207D
:10DE9000FAF7F2F8054603A8F9F73CF80646DCB1B4
:10DEA0003F4B1B689F6C00213846F4F74FFC98B13C
:10DEB0003A4B1B681878F4F739FA3946F4F78AFABE
:10DEC00001460598F4F77CF920F000404FF07E51B0
:10DED000F4F732FC00B10024314B1B6883F81A417F
:10DEE00083F81B5183F81C612CB1002D37D0002E14
:10DEF00037D1324600E02246D2B283F81D21002CF1
:10DF000031D0059959611961002D30D004991962F9
:10DF1000002E2FD0039999625962002A2ED0214BEE
:10DF200000221A701E4D2B681E4A127883F81E219B
:10DF3000FEF72EFE2C68D4F84C1C206AF4F742F948
:10DF4000A0612169F4F746FAE061FEF7C3FF2B6890
:10DF500093F81D01003818BF012007B0F0BD2A4614
:10DF6000CAE70122C8E7002159611961CCE7002105
:10DF70001962CDE7002199625962CEE7094A137808
:10DF8000591C1170092B03D913460A221A70C9E7CC
:10DF9000FFF7AAFEC6E700BF6F12833BB44C002018
:10DFA000B84C00208B4C00200A4B1B6893F8AA3019
:10DFB0006BB1094B1B6893F8FF2022B193F8033132
:10DFC0001BB9184670471046704701207047012062
:10DFD000704700BFB44C0020B84C002008B5F4F7DF
:10DFE0001DFF014B186008BD944C002070B584B033
:10DFF00064214848FDF7C0F818B90646304604B019
:10E0000070BDF4F70BFF444B1860FFF72BFF0120A6
:10E01000FFF7FAF9064600284CD1002E57D03F4CA6
:10E0200020683F4900F5E960FAF748FE0546FAF72F
:10E03000A1FAADF80C0023689DF80C2083F8182194
:10E040002846FFF789F82068364D2968B1F8D230A4
:10E05000D1F8B820D1F8C810DFF8CCC0CDF800C096
:10E06000B830F8F75BFFFFF773FCFFF7C5FDFFF76C
:10E070004BFBFEF72FFF24682B68996EA069F4F71D
:10E080005BFB38B341F288312848FDF775F848B199
:10E09000224B1B682A6892F8A62083F802210122ED
:10E0A00083F801211D4B1B6893F80131C3B1FFF7C1
:10E0B00095FF15E04FF47A711D48FDF75DF80028D3
:10E0C000ABD0FAF7D5FB0120FFF7E8F8A7E7FFF799
:10E0D0008BF8A4E784F80101F4F7A0FE134B186055
:10E0E00014491548FDF748F820B10C4B1B68002275
:10E0F00083F80221FEF756FE40B1FFF7BBF900F0AE
:10E10000C3F8064B1B6883F8030177E7FFF7A6F80F
:10E11000F5E700BFB04C00209C4C0020B84C00201C
:10E1200008560108B44C00200000C841984C00205B
:10E13000904C0020C0270900944C0020024B1B6823
:10E14000D3F80C01704700BFB84C0020024B1B688D
:10E15000D3F81001704700BFB84C0020024B1B6879
:10E1600093F81601704700BFB84C002008B5FEF7C1
:10E17000E7FC08BD084B186090F8A830003B18BFBA
:10E180000123064A137090F8A930003B18BF012301
:10E19000034A1370704700BFD84C0020D14C0020B8
:10E1A000D04C002010B50120F9F7D0FA04462D4BD1
:10E1B0001B78834206D0002B45D02B4B00221A70CF
:10E1C000284B1C70002C43D0F4F728FE274B1B680B
:10E1D000C01A274B1860B0F57A7F0DD3224B1B78FD
:10E1E00053B9244B1B6893F8A8302BB1224B012262
:10E1F0001A701F4B00221A601D4B1A6841F28733B8
:10E200009A4210D9184B1B786BB11A4B1B6893F8C4
:10E21000A72042B193F8A8302BB1184B01221A70F5
:10E22000134B00221A60124B1B68B3F57A7F05D995
:10E230000D4B1B7813B9124B01221A70F4F7EEFD47
:10E24000104B186010BDF4F7E9FD084B1860B7E7F4
:10E250004FF4FA710B48FCF78FFF0028F2D0084BFF
:10E260001C70EFE7D34C0020D24C0020C84C00209B
:10E27000CC4C0020D84C0020D64C0020D54C00209F
:10E28000D44C0020C04C0020014B1878704700BFD0
:10E29000D44C002008B50220F9F758FA014B187049
:10E2A00008BD00BFBC4C0020084B1B6893F8A82099
:10E2B00012B1074B1878704793F8A93023B1054B7A
:10E2C000187880F00100704718467047D84C00203D
:10E2D000D64C0020D44C0020054B187838B1054BA3
:10E2E000187820B10023024A1370024A1370704755
:10E2F000D54C00202C00002008B501460020F9F77D
:10E3000015FA08BD10B50446F4F788FDF4F786FD4C
:10E31000164B1860F4F782FD154B18600023154A60
:10E320001370154A1370012214490A7014490A70B7
:10E33000144A1360144A1360F9F7B4F914210B4816
:10E34000FCF71AFF0028F9D00120F9F7FFF90F4B6D
:10E3500018700F4B187028B964210448FCF70CFFA3
:10E360000028F9D02046FFF7C7FF10BDC44C00209D
:10E37000C04C0020D64C0020D54C0020D44C0020AE
:10E38000D14C0020CC4C0020C84C0020D34C0020A5
:10E39000D24C0020014B1878704700BFD24C0020AF
:10E3A00008B5084B1860084B1960084B08221A8002
:10E3B000F4F734FD064B1860F4F730FD054B186098
:10E3C000054808BDEC4C0020E84C00202C1C002027
:10E3D000E44C0020E04C0020F04C002008B5012166
:10E3E0000148FAF7E9FF08BDF04C00202DE9F041A3
:10E3F00084B0F4F713FD2D4D2B68C71A2C4C94E80C
:10E400000F0004AE06E90F00F4F708FD2860A668C7
:10E41000284B1D68AB6998463846F3F783FF4146A1
:10E42000F3F7D8FF2449F4F789F801463046F3F7AB
:10E43000C9FEA060214B1C6866683146F4F786F976
:10E4400008B11B4B9E600021194B9868F4F760F9E6
:10E4500028BB174E6168B068F4F770F81849F3F7F5
:10E46000B9FF30601649F4F767F908B1144A326011
:10E470000F4B1A686A609B68AB60D4F8981011481B
:10E48000FCF77AFE40B1104B1B782BB9084B99680A
:10E490000298F4F733F930B104B0BDE8F081044BD1
:10E4A00000229A60D5E7FFF799FFF5E7E44C0020DA
:10E4B000F04C0020EC4C002000BA5B4AE84C0020F5
:10E4C0000000C842E04C0020DC4C002008B50121CF
:10E4D0000148FAF797FF08BDF04C002000B589B05D
:10E4E0000C4B1B7843B9012104A8FAF78BFFFFF707
:10E4F000EDFF002009B000BD0023009301930293BB
:10E500000393044B00221A7001216846FAF754FF66
:10E51000E9E700BF321C002008B5064B1B780BB1A1
:10E52000002008BD034B4FF001021A70FFF756FFA1
:10E530000120F6E7DC4C002020B9034B1B685A6829
:10E54000024B9A60704700BFE84C0020F04C00205E
:10E55000BFF34F8F0549CA6802F4E062044B1343CE
:10E56000CB60BFF34F8F00BFFDE700BF00ED00E0C1
:10E570000400FA0508B1024870470248704700BF1E
:10E58000E0310108D831010807281AD008D90A2833
:10E5900021D012D8082820D0092820D1124870474D
:10E5A000052810D005D801280FD003280FD10F4817
:10E5B000704706280DD10E4870470B2811D10D4821
:10E5C00070470D4870470D4870470D4870470D481B
:10E5D00070470C4870470C4870470C487047094812
:10E5E00070470848704700BF0C320108F431010839
:10E5F0004832010830320108283201083C32010853
:10E60000E83101085C3201080432010818320108BF
:10E61000072823D011D8032822D007D9052827D0CE
:10E62000062827D0042827D11A487047012819D076
:10E63000022819D0D0B9184870470B281ED007D827
:10E6400009281DD00A281DD008281DD1134870475D
:10E650000C281BD00D281BD111487047114870475A
:10E66000114870471148704711487047114870476A
:10E6700011487047114870470E487047104870475E
:10E6800010487047104870470A4870470F48704755
:10E6900008487047A432010864320108EC320108CE
:10E6A00058330108D8320108943201087432010845
:10E6B0008432010868330108B8320108C832010801
:10E6C0002833010800330108143301083C330108E2
:10E6D00070B582B03E48FBF7CDFE3E4C94F8143145
:10E6E0001D4694F81501FFF793FF0246D4F80C314C
:10E6F000009394F8163129463748FBF7BBFE94F88F
:10E700000601003818BF0120FFF734FF014694F8D6
:10E71000083194F807213148FBF7ACFE94F8090161
:10E72000003818BF0120FFF725FF014694F80B3190
:10E7300094F80A212A48FBF79DFE94F8A7000038B8
:10E7400018BF0120FFF716FF014694F8A83094F88F
:10E75000A9202448FBF78EFE94F81701003818BF53
:10E760000120FFF707FF014694F8193194F81821AA
:10E770001D48FBF77FFE94F81A01003818BF0120EE
:10E78000FFF7F8FE064694F81B01003818BF012079
:10E79000FFF7F0FE054694F81C01003818BF012071
:10E7A000FFF7E8FE03462A4631461048FBF762FEB3
:10E7B00094F81D01003818BF0120FFF7DBFE014669
:10E7C00094F81E210A48FBF755FE02B070BD00BF49
:10E7D00070330108AC00002084330108BC33010809
:10E7E000DC330108083401083034010850340108D2
:10E7F00080340108F8B52048FBF73CFE1F4CD4F8E4
:10E800000C111F48FBF736FED4F810111D48FBF71A
:10E8100031FE94F814111C48FBF72CFE94F81501F6
:10E82000FFF7F6FE01461948FBF724FE94F816118F
:10E830001748FBF71FFE00241BE02046FFF7E8FE09
:10E8400005460E4FD7F80C01E04000F00100FFF73D
:10E8500091FE0646D7F81001E04000F00100FFF7F6
:10E8600089FE0346324629460A48FBF703FE013477
:10E87000E4B20D2CE1D9F8BDA0340108AC000020B1
:10E88000B4340108CC340108E4340108F834010838
:10E89000083501081C3501082DE9F04180460F4676
:10E8A0001646002412E0E519EDB20A4B2B4493F80A
:10E8B0005C00003818BF0120FFF75CFE03462A46C3
:10E8C00041460548FBF7D6FD0134E4B2B442EAD331
:10E8D000BDE8F081AC0000203C3501082DE9F04195
:10E8E00086B080460F46164600241CE0E519EDB2BE
:10E8F00005EB45020E4B03EB8203D3F87C03B3F820
:10E90000782393F8811393F882330493039102924E
:10E91000F3F7DAF8CDE900012A4641460548FBF74E
:10E92000A9FD0134E4B2B442E0D306B0BDE8F08101
:10E93000AC000020503501082DE9F04180460F461B
:10E940001646002412E0E519EDB20A4B2B4493F869
:10E95000FC06003818BF0120FFF70CFE03462A46CC
:10E9600041460548FBF786FD0134E4B2B442EAD3E0
:10E97000BDE8F081AC0000207C3501082DE9F04FA6
:10E980008DB00B908B469246002631E006EB0B04CF
:10E99000E4B21A4F04EB440507EB8505B5F84A8746
:10E9A000B5F8489704F2B22307EB83035868F3F7EE
:10E9B0008BF8CDE90801274497F8F80B003818BF09
:10E9C0000120FFF7D7FD95F8513795F852270692A9
:10E9D00005930490DDE90823CDE90223CDF80090EA
:10E9E000434622460B990648FBF744FD0136F6B232
:10E9F0005645CBD30DB0BDE8F08F00BFAC00002072
:10EA00009035010810B586B002A8F9F7C5FD194880
:10EA1000FBF730FD184C94F8A700003818BF012010
:10EA2000FFF7A8FD01469DF80830009394F8A83040
:10EA300094F8A9201148FBF71DFD00240BE004F118
:10EA400028020D4B03EB42035A8821460C48FBF782
:10EA500011FD0134E4B2042CF1D90422002109484B
:10EA6000FFF71AFF042247210748FFF715FF06B0FA
:10EA700010BD00BFD4350108AC000020F0350108FE
:10EA8000303601084C360108543601082DE9F843A8
:10EA90000120F8F7C1FF81460020F8F7BDFF80464E
:10EAA0000220F8F7B9FF06460320F8F7B5FF07463E
:10EAB0002B48FBF7DFFC2B4C94F8F800003818BF0C
:10EAC0000120FFF757FD05463046FFF753FD02468C
:10EAD00029462548FBF7CEFC94F8FA00003818BF09
:10EAE0000120FFF747FD064694F8FB00003818BFE9
:10EAF0000120FFF73FFD05463846FFF73BFD034683
:10EB00002A4631461948FBF7B5FC94F8FD00003859
:10EB100018BF0120FFF72EFD064694F8FE000038CE
:10EB200018BF0120FFF726FD05464846FFF722FDE6
:10EB300003462A4631460E48FBF79CFC94F8000138
:10EB4000003818BF0120FFF715FD04464046FFF7C7
:10EB500011FD024621460748FBF78CFCBDE8F8830F
:10EB60005C360108AC0000207C360108D036010874
:10EB7000103701084C3701082DE9F8430020F8F759
:10EB800045FE06460120F8F741FE814610214FF070
:10EB90009040F6F7F7F90446012814BF002201223D
:10EBA00017464FF480512348F6F7ECF90546012843
:10EBB00014BF0022012290461F48FBF75BFC36BBC6
:10EBC0004B4643B31D48FBF755FC3846FFF7D2FCD4
:10EBD0000146012C23D01A4A1A48FBF74BFC404649
:10EBE000FFF7C8FC0146012D1BD0154A1648FBF75C
:10EBF00041FC012C17D00020FFF7BCFC0146134854
:10EC0000FBF738FC1248FBF735FCBDE8F8831148E8
:10EC1000FBF730FCD9E71048FBF72CFCD5E70F4A8F
:10EC2000DAE70E4AE2E7012D01D00020E4E70120F7
:10EC3000E2E700BF0004004884370108B03701084C
:10EC400080370108E0370108003801082038010842
:10EC50004438010898370108C83701087837010897
:10EC60002DE9F043A1B0F9F773FCADF87C001BA8C7
:10EC7000F9F792FC07A8F9F79FFC4248FBF7FAFB6B
:10EC8000414C94F80601003818BF0120FFF772FCD0
:10EC9000024694F80831009394F807314B213B4821
:10ECA000FBF7E8FB9DF87D00FFF764FC01469DF84B
:10ECB0007C203748FBF7DEFB94F80901003818BFC9
:10ECC0000120FFF757FC01469DF81C30009394F893
:10ECD0000B3194F80A212F48FBF7CCFB94F8A700DE
:10ECE000003818BF0120FFF745FC01469DF86C3045
:10ECF000009394F8A83094F8A9202748FBF7BAFBB2
:10ED0000A56CD4F84080D4F84C90606CF2F7DCFE2F
:10ED100006460F464846F2F7D7FECDE904014046C5
:10ED2000F2F7D2FECDE902012846F2F7CDFECDE999
:10ED3000000132463B461948FBF79CFB184D042264
:10ED400000212846FFF7CAFD164C04224721204621
:10ED5000FFF7C4FD042200212846FFF7EDFD042241
:10ED600047212046FFF7E8FD042200212846FFF74F
:10ED700093FD042247212046FFF78EFD21B0BDE818
:10ED8000F08300BF94380108AC000020AC380108C3
:10ED9000E0380108103901084439010870390108C8
:10EDA0004C360108543601082DE9F04186B0F9F7D8
:10EDB000E1FBADF814003048FBF75CFB2F4C94F8F6
:10EDC0001701003818BF0120FFF7D4FB024694F862
:10EDD0001931009394F818314B212948FBF74AFB6D
:10EDE0009DF81500FFF7C6FB01469DF81420254845
:10EDF000FBF740FB2448FBF73DFBD4F8E850D4F880
:10EE0000E480D4F8E000F2F75FFE06460F46404685
:10EE1000F2F75AFECDE902012846F2F755FECDE998
:10EE2000000132463B461948FBF724FBD4F8F45066
:10EE3000D4F8F080D4F8EC00F2F746FE06460F4610
:10EE40004046F2F741FECDE902012846F2F73CFECA
:10EE5000CDE9000132463B460D48FBF70BFB04228F
:10EE600000210C48FFF78AFD042247210A48FFF7DA
:10EE700085FD06B0BDE8F081A0390108AC00002096
:10EE8000AC380108E0380108B8390108103A010827
:10EE9000403A01084C36010854360108F0B583B0F9
:10EEA0003948FBF7E7FA394C6069F2F70DFE054681
:10EEB0000E4694F81A01003818BF0120FFF75AFBDC
:10EEC00000902A4633463248FBF7D4FA206AF2F71C
:10EED000FBFD05460E4694F81B01003818BF0120C3
:10EEE000FFF748FB00902A4633462A48FBF7C2FA50
:10EEF000A06AF2F7E9FD05460E4694F81C010038B9
:10EF000018BF0120FFF736FB00902A4633462248FF
:10EF1000FBF7B0FA94F81D01003818BF0120FFF785
:10EF200029FB014694F81E211C48FBF7A3FAFFF7C2
:10EF3000B1F9FFF71FFB0746194B1B68986EF2F7F4
:10EF4000C3FD05460E4694F80101003818BF0120A4
:10EF5000FFF710FB00902A46334639461148FBF76D
:10EF600089FAFFF791F9FFF705FB054694F80301CD
:10EF7000003818BF0120FFF7FDFA024629460A486B
:10EF8000FBF778FA03B0F0BD6C3A0108AC00002042
:10EF9000883A0108A83A0108CC3A0108EC3A01087D
:10EFA000300D00200C3B01084C3B01082DE9F04FCF
:10EFB00089B0424CD4F80C31C3F3C027C3F30038F6
:10EFC0003F48FBF757FA3F4B1878FFF7DDFA054645
:10EFD000FDF74CF902463C4B1B685B6F29463B48EA
:10EFE000FBF748FA6069F2F76FFD05460E4694F8A4
:10EFF0001A01003818BF0120FFF7BCFA8146206BC8
:10F00000F2F762FDCDE90201CDF800902A463346C1
:10F010002F48FBF72FFAA06AF2F756FD05460E4679
:10F0200094F81C01003818BF0120FFF7A3FA8346AB
:10F03000D4F83490E36A9A46A06BF2F745FDCDE927
:10F0400006015046F2F740FDCDE904014846F2F7CB
:10F050003BFDCDE90201CDF800B02A4633461D48FC
:10F06000FBF708FA94F83C00003818BF0120FFF7BE
:10F0700081FA054694F83D00003818BF0120FFF7DB
:10F0800079FA024629461448FBF7F4F93846FFF7A7
:10F0900071FA04464046FFF76DFA0546FFF766F839
:10F0A000FFF768FA03462A4621460C48FBF7E2F9C7
:10F0B0000B48FBF7DFF909B0BDE8F08FAC0000208A
:10F0C000703B01087A4C0020300D0020903B010875
:10F0D000B83B0108DC3B01081C3C0108483C010826
:10F0E000943C01082DE9F04FD7B0B14902F0C8FABD
:10F0F000002458B13F2C09DC651C16AB43F82400F2
:10F10000AB49002002F0BCFA2C46F2E7002C6FD08D
:10F11000169DA8492846F3F769FB00286CD0A6493C
:10F120002846F3F763FB00286CD0A4492846F3F780
:10F130005DFB002800F0C080A1492846F3F756FB8C
:10F14000002800F0C5809F492846F3F74FFB0028B0
:10F1500000F0CA809C492846F3F748FB002800F0DD
:10F16000CF809A492846F3F741FB002800F0D4806D
:10F1700097492846F3F73AFB002800F0D9809549D3
:10F180002846F3F733FB002800F0DE80924928463A
:10F19000F3F72CFB002800F0E38090492846F3F7B2
:10F1A00025FB002800F0E8808D492846F3F71EFB78
:10F1B000002800F0EF808B492846F3F717FB002862
:10F1C00000F04A8188492846F3F710FB03460028DF
:10F1D00040F0EB81854A92F8FA20002A00F04C8139
:10F1E000824A92F8FB20002A40F0D781024644E18F
:10F1F0007F48FBF73FF902E07E48FBF73BF957B049
:10F20000BDE8F08F7C48FBF735F97C4B1878FFF7A9
:10F21000BBF901467A48FBF72DF9FFF759FA734B12
:10F220009C699D6AD3F84480D3F84890D3F840A0F5
:10F23000D3F8E4B0D3F8E8201092D3F8E01011919D
:10F240005869F2F741FC06460F461198F2F73CFC6C
:10F25000CDE90E011098F2F737FCCDE90C015846C4
:10F26000F2F732FCCDE90A015046F2F72DFCCDE968
:10F2700008014846F2F728FCCDE906014046F2F7BE
:10F2800023FCCDE904012846F2F71EFCCDE902017A
:10F290002046F2F719FCCDE9000132463B465948B9
:10F2A000FBF7E8F85848FBF7E5F85848FBF7E2F8B1
:10F2B0003F48FBF7DFF8A2E75548FBF7DBF8FFF71D
:10F2C00099FA5448FBF7D6F83948FBF7D3F896E794
:10F2D0005148FBF7CFF8FFF7C3FC5048FBF7CAF8DB
:10F2E0003348FBF7C7F88AE74D48FBF7C3F8FFF749
:10F2F00089FB4C48FBF7BEF82D48FBF7BBF87EE7CF
:10F300004948FBF7B7F8FFF74FFD4848FBF7B2F85D
:10F310002748FBF7AFF872E74548FBF7ABF8FFF774
:10F32000BDFD4448FBF7A6F82148FBF7A3F866E7C4
:10F330004148FBF79FF8FFF739FE4048FBF79AF882
:10F340001B48FBF797F85AE73D48FBF793F8FFF7A0
:10F350009DFB3C48FBF78EF81548FBF78BF84EE712
:10F360003948FBF787F8FFF707FC3848FBF782F8C6
:10F370000F48FBF77FF842E7FEF772F8FFF7FAF85D
:10F3800001463348FBF776F8FFF76AFC0848FBF7BD
:10F3900071F834E7FEF7E2FBFFF7ECF801462D4881
:10F3A000FBF768F8FFF700FD0148FBF763F826E775
:10F3B000083D0108243D0108343D01089C3E010838
:10F3C000EC3E0108443F0108A83F01080040010845
:10F3D00050400108BC40010810410108604101088B
:10F3E00094410108C4410108F8410108AC00002023
:10F3F0000C3D01082C3D01083C3D01087A4C0020E1
:10F40000683D0108883D0108003E0108743E01087E
:10F41000A83E0108C83E0108F83E01081C3F01084B
:10F42000543F01087C3F0108B43F0108D83F010860
:10F430000C4001082C400108604001088C40010884
:10F44000CC400108EC4001081C4101083C41010886
:10F4500074410108A8410108FEF704FDFFF78AF88E
:10F4600001468A48FBF706F8FFF718FDFFF79EFDF7
:10F470008748FAF7FFFFC2E6024602F0010216468D
:10F48000844A92F8FD2022B1824A92F8FE2002B10D
:10F49000012303F001031F467F48FAF7EBFF7D4C81
:10F4A0002069F2F711FB02460B467C48FAF7E2FFAF
:10F4B000A069F2F709FB02460B467948FAF7DAFF32
:10F4C000206AF2F701FB02460B467648FAF7D2FFB4
:10F4D000D4F84C0CF2F7F8FA02460B467248FAF7E9
:10F4E000C9FF724D2B681868F2F7EEFA02460B4618
:10F4F0006F48FAF7BFFF2B689868F2F7E5FA024603
:10F500000B466C48FAF7B6FF6B4B1878FFF73CF8E0
:10F5100001466A48FAF7AEFF606AF2F7D5FA02468A
:10F520000B466748FAF7A6FF206CF2F7CDFA0246C1
:10F530000B466448FAF79EFF606CF2F7C5FA024684
:10F540000B466148FAF796FFA06CF2F7BDFA024647
:10F550000B465E48FAF78EFFE06CF2F7B5FA02460A
:10F560000B465B48FAF786FFCEB15A495A48FAF77C
:10F5700081FFB7B157495948FAF77CFF454B93F8DB
:10F58000033183B153495648FAF774FF5548FAF7E7
:10F5900071FF3F48FAF76EFF31E601226DE75249ED
:10F5A000E4E75149E7E75049EDE750492846F3F7CA
:10F5B0001DF9002800F0B8804D492846F3F716F9E8
:10F5C000002800F03D814B492846F3F70FF9002849
:10F5D00000F0778148492846F3F708F9002800F041
:10F5E000C58146492846F3F701F9002800F0CF818C
:10F5F00043492846F3F7FAF8002800F0D981414939
:10F600002846F3F7F3F8002800F0E3813E49284646
:10F61000F3F7ECF8002800F069823C492846F3F73C
:10F62000E5F8002800F09E8239492846F3F7DEF815
:10F63000002800F09C8237492846F3F7D7F80028C5
:10F6400000F0A78234492846F3F7D0F8002800F0EC
:10F65000A48232492846F3F7C9F80646002800F08C
:10F66000C98200231E462E4B1B68B34240F38D8394
:10F6700033012C4AD1582846F3F7B8F8002800F097
:10F680007B83334601331E46EDE700BFD8410108B6
:10F69000083D0108AC00002000420108204201089A
:10F6A0004042010860420108804201082C0D002000
:10F6B000A0420108C04201087A4C0020E042010843
:10F6C000FC4201081C4301083C4301085C4301085B
:10F6D0007C430108F83C01089C430108B843010839
:10F6E000D4430108F0430108003D0108104401081B
:10F6F000AC460108A84701082C490108DC4901086B
:10F70000404A0108A04A0108544B0108084C01086E
:10F71000304C01088C4C01089C4C01088C4D0108B0
:10F72000004D0020044D0020BC48FAF7A3FEBC4C5D
:10F73000D4F8AC00F2F7C8F902460B46B948FAF71C
:10F7400099FED4F8B000F2F7BFF902460B46B6486E
:10F75000FAF790FED4F8B400F2F7B6F902460B4679
:10F76000B248FAF787FED4F8B800F2F7ADF90246CE
:10F770000B46AF48FAF77EFED4F8BC00F2F7A4F9C6
:10F7800002460B46AB48FAF775FED4F8C000F2F714
:10F790009BF902460B46A848FAF76CFED4F8C40061
:10F7A000F2F792F902460B46A448FAF763FED4F842
:10F7B000C800F2F789F902460B46A148FAF75AFE4B
:10F7C000D4F8CC00F2F780F902460B469D48FAF7D0
:10F7D00051FED4F8D000F2F777F902460B469A486A
:10F7E000FAF748FED4F8D400F2F76EF902460B4659
:10F7F0009648FAF73FFED4F8D800F2F765F90246CA
:10F800000B469348FAF736FED4F8DC00F2F75CF9C1
:10F8100002460B468F48FAF72DFED4F8680CF2F733
:10F8200053F902460B468C48FAF724FE8B48FAF748
:10F8300021FE8B48FAF71EFE8A48FAF71BFEDEE42B
:10F840008948FAF717FE00240EE004F12402744BF5
:10F8500053F83200F2F738F902460B462146834846
:10F86000FAF708FE0134E4B2814B1B681B78A3420F
:10F87000EBD86B4C206CF2F727F902460B467D481B
:10F88000FAF7F8FD606CF2F71FF902460B467A486A
:10F89000FAF7F0FDA06CF2F717F902460B4677482D
:10F8A000FAF7E8FDE06CF2F70FF902460B467448F0
:10F8B000FAF7E0FD7348FAF7DDFD6A48FAF7DAFD7A
:10F8C0009DE47148FAF7D6FD694C236819786F48B2
:10F8D000FAF7D0FD23685868F2F7F6F802460B46AF
:10F8E0006B48FAF7C7FD23689868F2F7EDF802460F
:10F8F0000B466848FAF7BEFD2368D868F2F7E4F8CB
:10F9000002460B466448FAF7B5FD23681869F2F71A
:10F91000DBF802460B466148FAF7ACFD23689869AC
:10F92000F2F7D2F802460B465D48FAF7A3FD2368CA
:10F93000186AF2F7C9F802460B465A48FAF79AFDD8
:10F940002368D869F2F7C0F802460B465648FAF722
:10F9500091FD236893F89C105448FAF78BFD5448A6
:10F96000FAF788FD3F48FAF785FD48E45148FAF771
:10F9700081FDFBF7CFFB30B14F48FAF77BFD3948EB
:10F98000FAF778FD3BE44D48FAF774FDF7E74C4889
:10F99000FAF770FDFBF7D6FA30B14A48FAF76AFD7C
:10F9A0003048FAF767FD2AE44748FAF763FDF7E7BE
:10F9B0004648FAF75FFDFBF7CDFA30B14448FAF755
:10F9C00059FD2848FAF756FD19E44248FAF752FD66
:10F9D000F7E74148FAF74EFD022C06D03F48FAF708
:10F9E00049FD2048FAF746FD09E413AC00231393C0
:10F9F00022463B49179801F0BFFC1399CB1E092BF7
:10FA000007D83848FAF736FD194B1B6822681A7078
:10FA1000E7E73548FAF72EFDE3E700BF1844010891
:10FA2000AC0000203C440108644401088C440108F7
:10FA3000B8440108DC440108044501082C450108CC
:10FA4000544501087C450108A4450108CC4501083E
:10FA5000F44501081C4601083C46010864460108BB
:10FA600088460108083D0108B4460108D44601084B
:10FA7000300D0020F84601081C47010840470108E6
:10FA80006447010888470108B0470108D0470108CA
:10FA9000F047010814480108384801085C4801088B
:10FAA00080480108A4480108C8480108EC4801083A
:10FAB0000C4901083C4901085C490108C449010896
:10FAC000EC4901080C4A0108284A01084C4A01087F
:10FAD0006C4A0108884A0108B44A0108304B010801
:10FAE00018350108D44A0108F44A0108AA48FAF76F
:10FAF000C1FCAA49AA48FAF7BDFCAA49AA48FAF7E4
:10FB0000B9FCAA4890F8AC1090F8AD2090F8AE304F
:10FB100090F8AF4090F8B05090F8B1C090F8B2E0D3
:10FB200090F8B36090F8B47090F8B58090F8B69003
:10FB300090F8B7000890CDF81C90CDF81880059784
:10FB40000496CDF80CE0CDF808C0019500949848D3
:10FB5000FAF790FC9748FAF78DFC9748FAF78AFC79
:10FB6000FFF74DBB9548FAF785FCFEF7F1FC94488A
:10FB7000FAF780FC4FF40050FBF72EFE20B99148B5
:10FB8000FAF778FCFFF73BBB8F48FAF773FCFFF7F7
:10FB900036BBFBF7A1FEFFF732BBFBF719FF0446AC
:10FBA0008A48FAF767FC002306E0C3F1070213A9AD
:10FBB000302088540133DBB2072B0AD844FA03F211
:10FBC00012F0010FF1D0C3F1070213A931208854BC
:10FBD000F0E713A900230B727D48FAF74BFC7D4830
:10FBE000FAF748FC7C48FAF745FC7C48FAF742FCF7
:10FBF000FFF705BB7A48FAF73DFC7A48FAF73AFC7A
:10FC00007948FAF737FC7948FAF734FC7848FAF77C
:10FC100031FC7848FAF72EFC7748FAF72BFC774846
:10FC2000FAF728FC7648FAF725FC7648FAF722FC22
:10FC30007548FAF71FFC7548FAF71CFC7448FAF788
:10FC400019FC7448FAF716FC7348FAF713FC73486A
:10FC5000FAF710FC7248FAF70DFC7248FAF70AFC42
:10FC60007148FAF707FC7148FAF704FC7048FAF794
:10FC700001FC7048FAF7FEFB6F48FAF7FBFB6F4890
:10FC8000FAF7F8FB6E48FAF7F5FB6E48FAF7F2FB65
:10FC90006D48FAF7EFFB6D48FAF7ECFB6C48FAF7A2
:10FCA000E9FB6C48FAF7E6FB6B48FAF7E3FB6B48B5
:10FCB000FAF7E0FB6A48FAF7DDFB6A48FAF7DAFB85
:10FCC0006948FAF7D7FB6948FAF7D4FB6848FAF7AE
:10FCD000D1FB6848FAF7CEFB6748FAF7CBFB6748D9
:10FCE000FAF7C8FB6648FAF7C5FB6648FAF7C2FBA5
:10FCF0006548FAF7BFFB6548FAF7BCFB6448FAF7BA
:10FD0000B9FB6448FAF7B6FB6348FAF7B3FB6348FC
:10FD1000FAF7B0FB2848FAF7ADFB6148FAF7AAFBFF
:10FD20000BE033015F4AD058FAF7A4FB15E05E48B8
:10FD3000FAF7A0FB334601331E465C4B1B68B34207
:10FD400015DD584B03EB06139A68002AE9D03301FE
:10FD50005449C9585648FAF78DFB524B03EB06132A
:10FD600059680029E3D15348FAF784FBE2E71248C7
:10FD7000FAF780FBFFF743BA4A4B03EB0613DB6845
:10FD800016A920469847FFF73ABA29464A48FAF793
:10FD900071FBFFF734BA00BF5C4B01087C4B0108D4
:10FDA000844B0108CC310108944B010800F7FF1F78
:10FDB000A44B0108E84B0108083D0108104C01085C
:10FDC000444C01086C4C01087C4C0108A84C01080B
:10FDD000CC4C0108DC4C0108304D0108644D010891
:10FDE000944D0108B44D01088C4D0108DC4D01080B
:10FDF000243D0108F04D01089C4C0108204E0108EB
:10FE0000F8410108484E0108343D0108704E0108D0
:10FE10009C3E0108B04E0108EC3E0108F84E010876
:10FE2000443F01083C4F0108A83F0108784F0108F2
:10FE300000400108B44F010850400108F04F01088C
:10FE4000BC400108385001081041010878500108F1
:10FE500060410108BC500108944101080C5101089F
:10FE6000C44101088451010810440108D05101081F
:10FE7000AC460108EC510108A847010810520108DE
:10FE80002C4901082C520108DC4901085052010894
:10FE9000404A010880520108544B0108A852010849
:10FEA000CC520108044D0020F8520108004D0020FA
:10FEB000F0520108005301083053010808B501222F
:10FEC00000F01EFC08BD000038B505460C4604488D
:10FED000FAF708F821462846FAF7F0FA38BD00BFCD
:10FEE000BDFE000870B506460D46002403E0305DF7
:10FEF000F7F7FEFD0134AC42F9D370BD08B501221D
:10FF00000449054800F0F0FB4FF4E130F9F7A0FA9E
:10FF100008BD00BFC9FE0008E5FE000800B583B0BB
:10FF2000F9F7A8FA0028FBD10DF10700F7F7F0FD6B
:10FF300008B903B000BD01219DF8070000F038FCAE
:10FF4000F7E7136803F1010CC2F800C0C154704711
:10FF5000136803F1010CC2F800C04FEA212C00F82D
:10FF600003C0136803F1010CC2F800C0C15470470C
:10FF7000136803F1010CC2F800C04FEA112C00F81D
:10FF800003C0136803F1010CC2F800C0C1547047EC
:10FF900000B54FEA216C136803F1010EC2F800E0CE
:10FFA00000F803C04FEA214C136803F1010EC2F8B8
:10FFB00000E000F803C04FEA212C136803F1010EA2
:10FFC000C2F800E000F803C0136803F1010CC2F8A6
:10FFD00000C0C15400BD00B54FEA116C136803F1B5
:10FFE000010EC2F800E000F803C04FEA114C13689C
:10FFF00003F1010EC2F800E000F803C04FEA112C33
:020000040801F1
:10000000136803F1010EC2F800E000F803C01368A2
:1000100003F1010CC2F800C0C15400BD38B505465B
:1000200008461C461146F2F7D5F9F2F799FB22462D
:1000300001B22846FFF78CFF38BD38B505460846A3
:100040001C461146F2F7C6F9F2F78AFB0146224632
:100050002846FFF79DFF38BDF0B583B00646084639
:1000600017460023019301A900F0DAFD054620F0B0
:1000700000444FF07C512046F2F75EFB80B14FF018
:100080007C512046F2F79CF80146F2F79BF84FF0BE
:100090009641F2F79FF9F2F789FB019B7E330193BA
:1000A000019CE40504F0FF44C0F316031C43002147
:1000B0002846F2F72DFB30B93A4621463046FFF785
:1000C0008AFF03B0F0BD44F00044F5E70B68C05C64
:1000D00001330B6070470A68835C1B021BB202F19C
:1000E000010C10F80C0002320A60184370470B68CC
:1000F00010F803C05A1C805C02330B6040EA0C20ED
:1001000070470A6810F802C0531CC35C1B0443EA22
:100110000C6302F1020C10F80CC043EA0C2302F14C
:10012000030C10F80C0004320A60184370470000FA
:1001300038B5FFF7E6FF0446C0F3C755C0F3160015
:1001400005B9A0B1F2F7EEF8F1F7BEFC00220A4BB8
:10015000F1F712FD0022094BF1F758FBF1F7DCFF34
:100160007E3D002C05DB294600F082FD38BD0020D5
:10017000F7E700F10040F6E70000703E0000E03FC6
:1001800000B503468E46002084460BE013F8012B91
:1001900082EA1022054931F81220000280B2504054
:1001A0000CF1010CF445F1D300BD00BF1456010859
:1001B000104B1880104B1880104B1980104B198071
:1001C0000023104A1370104A1380104A1380012232
:1001D0000F490A704FF6FF710E4801800E480180EA
:1001E0000E490A704FF000010D4A11700D4A13605C
:1001F000704700BFAA4E0020A64E0020A84E002047
:10020000A44E00209A4E0020A24E0020A04E0020B6
:100210009B4E00209C4E00209E4E0020994E0020B8
:10022000984E0020944E002008B5F8F7D7FF08BD7F
:100230002DE9F04F83B08B4615461E46BDF8308041
:100240005A1A82EAE279A9EBE279291A81EAE17A7B
:10025000AAEBE17AD14504DC2E461D465B46834677
:100260001846B34505DC2B460546184633465E4620
:100270009B46ABEB0604A3B20093471B002FB8BF0D
:100280007F42C4F3C03303FA84F46410854220DB58
:100290004FF0FF3301930BE0424629463046FFF70B
:1002A000C3FFE41BA3B224B2002C0BDB013636B231
:1002B0005E4511DCD145EFDD424631462846FFF769
:1002C000B3FFEEE7019A15442DB2009A13441CB215
:1002D000ECE701230193EBE703B0BDE8F08F00B535
:1002E00083B00A4492B2013A009313B20246FFF778
:1002F0009FFF03B000BD2DE9F8430546884616462A
:100300001F46BDF82090044607E04B463A4641465A
:100310002046FFF7E4FF013424B205EB060C6445E8
:10032000F3DBBDE8F88300002DE9F04F8BB00290BD
:10033000039116460493BDF850909DF85480002513
:1003400005950695704B1A68DAB1137AF31ADBB289
:10035000506800EBC301D2F800B030F8337091F868
:100360000290CB78099391F90530079391F9062013
:100370000892B8F1010F01D90593069200239A461D
:10038000B9E0624BB3F90030834240F3B980604B6F
:10039000B3F900308B4240F3B38008EB480300EB25
:1003A0004303AB4240F3AC8001EBC803AB4240F3E4
:1003B000A780584B1B781BB9AF2E01D90136F6B276
:1003C0000027BB46DDF80CA00396049E4F46DDF8DF
:1003D000089042E00BEB090004EB0A01324609B237
:1003E00000B2FFF721FF10E0BE420ED0B8F1010FBE
:1003F00023D00BFB089004FB08A10FFA88F20097AA
:10040000134609B200B2FFF776FF013464B26D08FB
:10041000072C1EDC15F0010FE6D0B8F1010FD9D082
:100420000BFB089004FB08A10FFA88F20096134614
:1004300009B200B2FFF75FFFE7E70BEB090004EB3F
:100440000A013A4609B200B2FFF7EEFEDDE70025E9
:100450000FE00BF1010C4FFA8CFBBBF1050F4FDCE9
:10046000BBF1040FF3DC039B03EB83035B442A4AD9
:10047000D55C0024CCE715F0800F10D16D00EDB2F3
:100480000134E4B233464C4531D25E1CF6B213F06F
:10049000070FF0D17B1C1BF807509FB2EBE7B8F1B8
:1004A000010F14D0059B1819029B00FB0830069B16
:1004B00003EB0A01039B01FB08310FFA88F2049B4E
:1004C0000093134609B200B2FFF715FFD6E7079B6A
:1004D000029A981814FA80F0089B039A99181AFA4D
:1004E00081F1049A09B200B2FFF79EFEC6E70AF155
:1004F000010C5FFA8CFA099A924501D20024C2E7F6
:100500000BB0BDE8F08F00BF944E0020A64E002037
:10051000A44E0020984E002014580108024B188069
:10052000024B1980704700BFA24E0020A04E002051
:10053000024B1880024B1880704700BF9C4E002071
:100540009E4E0020034600B90123014A13707047F4
:100550009B4E002030B583B00246524B1B68002BE7
:1005600052D00A2800F090800D2800F09880197A67
:100570008842C0F09480587A9042C0F09080511A1E
:10058000C9B2586800EBC104A178E078002932D0E4
:10059000002830D094F90500DFF80CC19CF800C0A9
:1005A000BCF1000F17D0DFF804C19CF800C008446C
:1005B0003F49B1F9001000FB0C113E48B0F90000B2
:1005C000814208DB3A4900200880987A3A490B8832
:1005D0000CFB00330B80354B1B780193374B1B888A
:1005E0000093374B1B883449B1F900103048B0F9FB
:1005F0000000FFF799FE21792C4B18782C4A1388BC
:1006000000FB013313804AE00A2832D00D2846D07F
:10061000254B1B78ABB1254B197801EB4100244BDE
:10062000B3F9003003EB40032248B0F900008342E5
:1006300007DB1F4B002018801F48038803EBC10312
:1006400003801A4D2B7801931C4B1B8800931C4B85
:100650001B881949B1F90010154CB4F90000FFF7D7
:1006600063FE2B7803EB4303228802EB43032380D2
:1006700015E0114A0D4B1978138803EBC103138061
:100680000B4B00221A800AE0094A00211180997A56
:10069000064B1878084A138800FB013313800120A9
:1006A00003B030BD944E0020994E00209B4E002098
:1006B000A24E0020A64E0020A04E00209C4E0020FE
:1006C0009E4E0020014BB3F900007047A44E00205D
:1006D000014BB3F900007047A64E0020014B18787B
:1006E000704700BF9A4E0020044B02EB821C03EBC4
:1006F0004C1CCCF80400CCF808107047AC4E00201D
:10070000B1F5806F51D82DE9F04383B00D46164600
:10071000B1F5807F3BD802EB8212244B03EB4213EE
:10072000022483F8104483F811144FEA861806EB6C
:1007300086135B0103F582631C4F3B442A468146C6
:1007400001460193181901F085F82C4429464846C2
:10075000FFF716FD621CC0F3072508EB060307EB45
:100760004313191981F81054A51C1A4482F8100477
:10077000E11C2B44032283F81024B04407EB4817F4
:100780007B680BB10198984703B0BDE8F08302EB9A
:100790008212064B03EB4213032483F810440A0A27
:1007A00083F8112483F81214BFE77047AC4E002081
:1007B00070B50C4601EB81135B01764AD25C032ACB
:1007C00000F08880D3B2032B11D8012B4DD0022B1F
:1007D0005ED0002B40F0D780022824D0032833D0ED
:1007E00001EB811464016B4B00221A554FE0052B7D
:1007F00000F09080062B00F0A080042B40F0C38016
:10080000644B01EB8112510103EB421282F81D0887
:100810005A5C0132D2B25A5404EB841403EB4413F1
:1008200002225A7033E05B4B01EB8112500103EB63
:100830004212195C0231C9B21954022151700021CF
:10084000C2F81818D16022E0524B01EB811250011E
:1008500003EB4212195C0131C9B2195402215170E3
:100860000021C2F81818D16011E00002494B01EBD9
:100870008112510103EB4212D0605A5C0132D2B2B4
:100880005A5404EB841403EB441302225A7070BDD3
:1008900001EB81133F4A02EB4312D3680343D36059
:1008A000013BB3F5806F0ED23A4B01EB8111490148
:1008B0005A5C0132D2B25A5404EB841403EB441351
:1008C00002225A70E3E701EB81146401314B0022EC
:1008D0001A55DCE701EB81122E4B03EB4213D3F8E0
:1008E0001828511CC3F818181A441074DB68994270
:1008F00007D004EB8414274B03EB441302225A70F5
:10090000C5E7244904EB841252018B5C0133DBB24E
:100910008B54EEE71F4B01EB8112510103EB4212A6
:1009200082F81C085A5C0132D2B25A5404EB841487
:1009300003EB441302225A70A9E7032806D004EB04
:1009400084146401134B00221A55A0E701EB8112B5
:10095000520110320F4BD018064601EB811203EB07
:100960004215E968FFF70CFC95F81D2895F81C382E
:1009700043EA02239842E2D1AA68002ADFD0E9685C
:1009800030469047DBE704EB84146401014B0022FE
:100990001A557CE7AC4E002038B50446436A9847A8
:1009A00068B92569A36A2046984780F0010355FA83
:1009B00083F36068B3FBF0F100FB113038BD4FF0FA
:1009C000FF30FBE70246036901334168B3FBF1F0F6
:1009D00001FB1030106170470246C3680133416863
:1009E000B3FBF1F001FB1030D060704738B504461E
:1009F0000D46836A984778B96369013BAB420DD3D2
:100A00002068E3682B446268B3FBF2F102FB113308
:100A1000A26802FB030038BD0020FCE70020FAE7D3
:100A20004069704742694068824214BF002001203B
:100A300070474069B0FA80F04009704770B50446CD
:100A40000E4683699847051E01DA284670BD206866
:100A5000A268314602FB050000F0FCFEA36A2046B6
:100A6000984710B9E3692046984763690133636189
:100A7000EBE738B504460D46836A984798B9236872
:100A8000E168A26802FB0131284600F0E3FE6369D9
:100A9000013B6361A36A2046984730B9236A204628
:100AA0009847284600E0002038BD2846FCE70000B3
:100AB000F8B504460E46154602FB01F7384600F02D
:100AC000A1FB2060E0B13A46002100F0D0FDA66015
:100AD00065600020E060206160610B4BA3610B4BFF
:100AE000E3610B4B23620B4B63620B4BA3620B4B1B
:100AF00023630B4BE3620B4B63630B4BA363F8BDA8
:100B00004FF0FF30FBE700BF99090108C509010854
:100B1000D9090108250A0108330A01083D0A01081C
:100B2000210A0108ED090108730A010870B506469B
:100B30000D463C2000F066FB044650B13C220021EB
:100B400000F095FD2A4631462046FFF7B1FF002808
:100B500001DB204670BD204600F05CFB0024F8E776
:100B6000DFF834D0002103E00C4B5B5843500431D4
:100B70000B480C4B42189A42F6D30B4A02E0002372
:100B800042F8043B094B9A42F9D3F2F7A3F800F07C
:100B900029FEF1F745FFFEE700A000202C7B0108AD
:100BA000000000208C000020900000203C6000200D
:100BB000FEE70000F8B504460D4600F0D1F82246E5
:100BC00006460F462B4620462946F1F76FFAA8B98C
:100BD0000022002320462946F1F75EFA70B9002270
:100BE000002320462946F1F72FFA50B100F0F4FD1A
:100BF000094C2223036000231E462746304639460F
:100C0000F8BD00F0E9FD034621221A600348BDE863
:100C1000F84000F09DB800BF0000F0FF203D010843
:100C2000DFF848C020F0004310B503F1FF3EE64571
:100C300018D210F0FF4F02460C4609D00021DB15F8
:100C40007E3B0B4422F0FF42236042F07C5010BDFB
:100C50004FF09841F1F7BEFB6FF01801024620F00B
:100C60000043ECE700230B6010BD00BFFFFF7F7F58
:100C700038B504460D4600F063FA20B10021204645
:100C8000F1F73CFD08B1204638BD2046294600F06A
:100C90005FFA044600F054FA28B100212046F1F72B
:100CA0002DFD0028EFD000F097FD222303602046A1
:100CB00038BD00BF38B5C1F30A54A4F2FF3CBCF103
:100CC000130F02460B468E4614DCBCF1000F2DDBE1
:100CD0001E4941FA0CF101EA0300104310D04FF411
:100CE000002343FA0CF3734423EA010E00237146F8
:100CF000184638BDBCF1330F05DDBCF5806F1CD044
:100D00001046194638BDA4F213444FF0FF31E140BC
:100D10000142F5D0CCF1330C012303FA0CF31B187C
:100D200028BF0EF1010E23EA0103E0E7BCF1FF3F0B
:100D300001F0004E04D00023D9E7F0F767FD38BD7D
:100D40004EF07F5E4EF4401E0023D0E7FFFF0F0001
:100D500001490020704700BF0000F87F000000003C
:100D60002DE9F04FB1F5801F87B002460B460C46C7
:100D700080F2878021F0004C5CEA000C00F02681B4
:100D80000029C0F28081D84B0022F0F7F5FE0C4616
:100D90000B46D6498C4202466FF0350C76DC2015A6
:100DA000C4F3130404F51521A0F2FF3001F66471B9
:100DB000604401F4801100EB115581F07F5181F402
:100DC000401141EA0403104619460022C84BF0F7CF
:100DD0001BFDA31CC3F31303022BAB4681468A46BB
:100DE0004FF0000259DC0023F1F72EF9002840F003
:100DF000F680A9A3D3E9002348465146F0F7BCFE8C
:100E000002460B460020BB49F0F7FEFC4A46064668
:100E10000F46534648465146F0F7AEFE02460B4693
:100E200030463946F0F7A8FE4C46CDE9000155465C
:100E3000BBF1000F1CD05846F0F734FE98A3D3E95D
:100E4000002306460F46F0F797FE97A3D3E9002349
:100E500004460D4630463946F0F78EFE02460B46F4
:100E6000DDE90001F0F7D0FC4A465346F0F7CCFC30
:100E700002460B4620462946F0F7C6FC07B0BDE8FF
:100E8000F08F9A498C424FF0000C88DD10461946CD
:100E9000F0F7BCFC07B0BDE8F08F4FF08043F0F7EF
:100EA000B5FC02460B4648465146F0F78FFF074611
:100EB00028468846F0F7F6FD3A46CDE90401434658
:100EC00038464146F0F758FEA4F5C22502460B46C7
:100ED000A5F27A45CDE900230295F0F74DFE74A303
:100EE000D3E9002305460E46F0F746FE72A3D3E988
:100EF0000023F0F78BFC2A463346F0F73DFE70A343
:100F0000D3E90023F0F782FC2A463346F0F734FE9B
:100F10006DA3D3E90023F0F779FCDDE90023F0F7B6
:100F20002BFE6BA3D3E90023CDE90001284631460F
:100F3000F0F722FE68A3D3E90023F0F767FC2A4606
:100F40003346F0F719FE66A3D3E90023F0F75EFC01
:100F50002A463346F0F710FE0B460246DDE9000153
:100F6000F0F754FCC4F5D724029B51341C43002CE9
:100F700005460E4650DD5F4B002248465146F0F7CD
:100F8000FBFD4A465346F0F7F7FD02460B4628465E
:100F90003146CDE90023F0F739FC3A464346F0F7F5
:100FA000EBFD0A460146CDE90212BBF1000F40F00D
:100FB000A58013460246DDE90001F0F725FC024654
:100FC0000B4648465146F0F71FFC63E7002200231A
:100FD00049490020F0F7FAFE07B0BDE8F08F284637
:100FE000002D00F0A280F0F75DFD2DA3D3E90023D2
:100FF00006460F46F0F7C0FD2BA3D3E900230446B5
:101000000D4630463946F0F7B7FD02460B462046FE
:101010002946F0F7FBFB3DE70B46024651464846A2
:10102000F0F7F2FB3A464346F0F7A6FD4C46CDE911
:1010300000015546BBF1000F3FF41AAFDDE904454E
:1010400017A3D3E9002320462946F0F795FD16A300
:10105000D3E9002306460F4620462946F0F78CFDCB
:1010600002460B46DDE90001F0F7CEFB4A46534647
:10107000F0F7CAFB02460B4630463946F0F7C4FB90
:1010800007B0BDE8F08FF0F7BFFB00220023F0F7B8
:101090009DFEFFE6AFF30080555555555555D53F9C
:1010A0000000E0FE422EE63F763C7935EF39EA3D1E
:1010B00044523EDF12F1C23FDE03CB966446C73F87
:1010C000599322942449D23F935555555555E53FA0
:1010D0009FC678D0099AC33FAF788E1DC571CC3FAB
:1010E00004FA97999999D93F00005043FFFFEF7F89
:1010F0000000F03F0000E03F000050C3DDE9044580
:101100000BA3D3E9002320462946F0F735FD0AA3B7
:10111000D3E9002306460F4620462946F0F72CFD6A
:10112000DDE90223F0F772FB9AE700200021B1E627
:101130000000E0FE422EE63F763C7935EF39EA3D8D
:1011400020F00040B0F1FF4F2CBF0020012070477D
:1011500030F0004C034624D0BCF1FF4F10B50C46D4
:101160001BD210F0FF4F02461CD14FF09841F1F70F
:1011700031F9214A944203462EDB4CF25031C0F340
:10118000C75C8C420246ACF1190C11DD1B491846B4
:1011900061F31E00F1F71EF910BD0146F1F712F8D8
:1011A00010BD70474CF250318C424FEADC5CEDDCF4
:1011B00004EB0C01FE29E9DC002911DC11F1160F0A
:1011C00013DB01F1190022F0FF424FF04C5142EACB
:1011D000C050F1F7FFF810BD0949F1F7FBF810BD59
:1011E00022F0FF4242EAC15010BD0549184661F3A2
:1011F0001E00F1F7EFF810BDB03CFFFFCAF24971D5
:101200006042A20D024B0146186800F02DB800BFE5
:101210003C000020024B0146186800F047BB00BFAD
:101220003C00002070B50F4C0E462168054611B9F0
:1012300000F0B0FA20603146284600F0ABFA431CBB
:1012400003D14FF0FF34204670BDC41C24F00304CA
:10125000A042F8D0211A284600F09CFA0130F2D1C1
:10126000EFE700BFEC5E00202DE9F843CD1C25F030
:10127000030508350C2D38BF0C25002D064601DB73
:10128000A94204D90C2333600020BDE8F883334F12
:1012900000F066F83B681C463CBB29463046FFF729
:1012A000C1FF431C044656D13C68A046B8F1000F6C
:1012B00040D1002C49D023684146304604EB030955
:1012C00000F068FA814540D121686D1A2946304600
:1012D000FFF7A8FF013038D023682B4423603B6818
:1012E0005A685ABBC7F800800EE02268521B1ED411
:1012F0000B2A16D96119A342256018BF596063688B
:1013000008BF396062514B60304600F02FF804F19D
:101310000B00231D20F00700C21A1CBF1B1AA3508C
:10132000B3E76268A3420CBF3A605A60ECE7234619
:101330006468B1E74446D8F80480B7E71A465B68AA
:10134000A342FBD100235360DEE70C233360304619
:1013500000F00CF898E70560D6E700BFF05E0020CB
:10136000014800F064BA00BF30600020014800F07E
:101370005FBA00BF306000200EB470B59DB021ACE4
:1013800000254FF4017354F8046BADF814301B952D
:1013900002900690F1F734FA0B4B039007900B483C
:1013A0000B934FF6FF73ADF816303246234602A971
:1013B00000680F951495019400F076FC1DB0BDE80F
:1013C000704003B0704700BFF31301083C000020D9
:1013D00010B50C46B1F90E1000F0CAF90028ABBFE9
:1013E000636DA3891B1823F48053ACBF6365A3818D
:1013F00010BD002070472DE9F0411F468B89DB05A9
:1014000005460C46164605D5B1F90E1002230022FA
:1014100000F09CF9A389B4F90E1023F48053A38142
:1014200032463B462846BDE8F04100F0C3B910B54E
:101430000C46B1F90E1000F089F9B4F90C30421CD9
:101440000BBF23F4805343F48053A381A38118BFBF
:10145000606510BDB1F90E1000F0ECB9002310B5B5
:101460000446C0E90033C0E90433836081814366E8
:10147000C2818361194608225C3000F0F8F80D4BF8
:1014800063620D4BA3620D4BE3620D4B23630D4B67
:1014900024629C4206D003F16802944202D0D03309
:1014A0009C4205D104F15800BDE8104000F0BEB9DF
:1014B00010BD00BFD1130108F71301082F14010854
:1014C00055140108F45E0020024A0349034800F065
:1014D000A1B800BF30000020C9260108400000204C
:1014E00041680C4B994210B5044601D001F0ECF86C
:1014F000A168094B994202D0204601F0E5F8E16865
:10150000064B994204D02046BDE8104001F0DCB8FB
:1015100010BD00BFF45E00205C5F0020C45F0020AF
:1015200010B50A4B0A4A1A600A4800220421FFF744
:1015300095FF094801220921FFF790FFBDE81040FF
:10154000064802221221FFF789BF00BF2C6000204D
:10155000C9140108F45E00205C5F0020C45F002015
:10156000014800F064B900BF31600020014800F07C
:101570005FB900BF3160002010B50446FFF7F0FFEF
:10158000236A1BB1BDE81040FFF7F0BF044B236294
:10159000044B1B68002BF5D1FFF7C2FFF2E700BF39
:1015A000E11401082C60002030B5141E9BB00546E4
:1015B0001A4605DA8B2303604FF0FF301BB030BDB5
:1015C0004FF00003199318BF0123E31A0293059308
:1015D000084B00910491039369461E9B00F012FA98
:1015E000431CBCBF8B232B60002CE7D0009B002248
:1015F0001A70E3E70802FFFF07B5009313460A4697
:10160000014603480068FFF7CFFF03B000BD00BFED
:101610003C0000202DE9F843804689461446002608
:10162000D4E90175013F05D52468002CF8D1304676
:10163000BDE8F883AB89012B07D9B5F90E3001332A
:1016400003D029464046C84706436835EAE710B547
:1016500001390244904201D1002005E0037811F8DD
:10166000014FA34201D0181B10BD0130F2E7024424
:101670000346934200D1704703F8011BF9E70000CD
:101680001B4B2DE9F0411C68656C06460F463DBBBF
:101690005020FFF7B7FD606428B90246154B164885
:1016A0005B2100F0E5F88560626CC0E90055C2E995
:1016B0000355626CC2E90555626CC2E90A55626C59
:1016C000C2E90C55626CC2E90E55626CC2E9105554
:1016D000626CC2E91255626C15772B46656C6B62C1
:1016E0002A46394630460123BDE8F04100F006B8ED
:1016F0003C000020147901082B790108F0B504465C
:1017000008B9146844B1204614F8015B4F1E17F85D
:10171000016F1EB965B91560002005E0B542F6D12C
:10172000002BF0D114600370F0BD1C460CE01DB915
:10173000274614F8013B4E1E16F8015FAB42F6D166
:10174000002BF2D000233B701460EDE738B5074C56
:10175000054608461146002222601A4601F024FC84
:10176000431C02D1236803B12B6038BD34600020D4
:1017700038B5074C054608461146002222601A4635
:1017800001F01AFC431C02D1236803B12B6038BD61
:101790003460002038B5064C002305460846236017
:1017A00001F012FC431C02D1236803B12B6038BD49
:1017B0003460002038B5074C054608461146002223
:1017C00022601A4601F00EFC431C02D1236803B1CB
:1017D0002B6038BD34600020014B1868704700BF93
:1017E0003C00002070B50D4B0D4C00261D1BB6EBC8
:1017F000A50F09D101F000FC0A4C0B4B00261D1B64
:10180000B6EBA50F05D170BD54F8043B98470136DF
:10181000EDE754F8043B98470136F1E7247B0108D3
:10182000247B0108247B0108287B0108704770474E
:101830007047000038B5064C002305460846236073
:1018400001F08AFB431C02D1236803B12B6038BD31
:10185000346000200A44914200F1FF3300D1704708
:1018600010B511F8014B03F8014F9142F9D110BDA9
:101870001FB51D46094B1B680646D86852B1084C77
:101880000091CDE90142074933462A4600F07EFF28
:1018900001F0C1F8044C2246F2E700BF3C000020F2
:1018A0008E7901089B790108C979010837B50029AB
:1018B00044D051F8043C0190002BA1F10404B8BFBE
:1018C000E418FFF74DFD1E4A0198136833B96360B1
:1018D000146003B0BDE83040FFF748BDA34208D90B
:1018E000256861198B4201BF19685B68491921603D
:1018F000EDE71A465B680BB1A342FAD91168551897
:10190000A5420BD1246821445418A3421160E0D1B0
:101910001C685B6853600C441460DAE702D90C233E
:101920000360D6E7256861198B4204BF19685B68BC
:10193000636004BF491921605460CAE703B030BD39
:10194000F05E00202DE9F0478E681F46BE428246B9
:101950000C469046334653D8B1F90C0010F4906F02
:101960002BD065692368096905EB4505A3EB0109DF
:1019700005EBD5757B1C6D104B44AB422A4684BFEA
:101980001D462A46430527D511465046FFF76CFCF5
:10199000064658B321694A46FFF75CFFA38923F442
:1019A000906343F08003A381266165614E44A5EBFB
:1019B00009052660A5603E463B461F4620683A461C
:1019C000414601F00FF8A3689B1BA36023683B44CA
:1019D00023600020BDE8F087504600F0E9FE06468F
:1019E0000028E1D121695046FFF760FF0C23CAF8B7
:1019F0000030A38943F04003A3814FF0FF30E9E7B3
:101A00003E46DBE72DE9F0471F468B891B069CB05D
:101A100006460D46144610D50B6973B94021FFF7F1
:101A200023FC2860286130B90C2333604FF0FF306D
:101A30001CB0BDE8F08740236B610023099320238D
:101A40008DF8293003973023654F8DF82A304FF0F9
:101A5000010823461A7899461AB1252A03F1010391
:101A6000F8D1B9EB040A0BD053462246294630463A
:101A7000FFF768FF013000F0A380099A52440992F1
:101A800099F80030002B00F09B8000224FF0FF33CC
:101A9000CDE9053209F10109049207928DF853202E
:101AA0001A924C46052214F8011B4D48F0F7B0FE7F
:101AB000049AD0B9D00644BF20238DF853301107C3
:101AC00044BF2B238DF8533099F800302A2B13D0C4
:101AD00007994B4600204FF00A0C1A78303A092A31
:101AE0001C464AD9A8B1079113E0C01B08FA00F0C0
:101AF00010430490A146D4E7039B191D1B68039172
:101B0000002BBBBF5B4242F0020207930793B8BFB2
:101B1000049223782E2B0AD163782A2B32D1039B8F
:101B20001A1D1B68039243EAE37302340593DFF83E
:101B3000B490217803224846F0F76AFE38B1049B3E
:101B4000A0EB090040228240134301340493217822
:101B500025488DF828100622F0F75AFE002835D0C7
:101B6000224818BB039B073323F007030833039372
:101B7000099B0344013409936BE701330CFB0121FA
:101B80000120AAE700230593611C18464FF00A0CB8
:101B90000A78303A092A0C4603D9002BC7D00590A1
:101BA000C5E701310CFB00200123F1E703AB0093F3
:101BB0002A460F4B04A93046AFF30080421CD7D110
:101BC000AB895B063FF532AF099831E703AB009371
:101BD0002A46074B04A9304600F050FAEEE700BF52
:101BE000CA790108D0790108D47901080000000001
:101BF0004519010838B54B1C144603D14FF0FF3589
:101C0000284638BD938923F020039381636B526883
:101C1000CDB28BB1A36B934208DD23685A1E2260BC
:101C200003F8015C636801336360E9E7214600F073
:101C300073FD0028F1D0E1E72169236851B1994291
:101C400008D213F8011CA94204D1013B01322360E0
:101C50006260D5E7C4E90F3204F1440363630323F0
:101C6000A363234603F8465F23600123DCE710B536
:101C70000C46496B69B104F14403994201D0FFF766
:101C800015FE236C63600020606313B1E36B236077
:101C900010BD2369236000236360A38943F0200300
:101CA000A3814FF0FF30F3E72DE9F04F0D46ADF57E
:101CB000237D0021CDE9441101A94691A449A091B9
:101CC000DFF890B2A449A19180466F46009392F844
:101CD0000090B9F1000F00F056811BF8093013F0A5
:101CE000080302F101061AD06B68002B10DD2B6887
:101CF0001A781BF80220120701D43246E7E7459A0A
:101D0000013245926A680133013A6A602B60EBE761
:101D1000A19B2946404698470028E8D0EDE7B9F155
:101D2000250F40F082804193439353782A2B02BFC2
:101D30001023961C41930A22B2461AF8011BA1F106
:101D40003003092B1CD985480322F0F761FD38B117
:101D5000824B419AC01A0123834013434193564654
:101D600016F8013B782B06D8572B10D8252B5CD0C2
:101D700056D8002B74D0032347930A23429387E05D
:101D8000439B02FB0311303943915646D4E7A3F13C
:101D90005802202AEFD801A151F822F06F1E010845
:101DA000771D0108771D0108CB1E0108771D01086A
:101DB000771D0108771D0108771D0108771D0108AF
:101DC000771D0108771D0108E11E0108C71E0108E3
:101DD000271E0108271E0108271E0108771D01087C
:101DE000811E0108771D0108771D0108771D010874
:101DF000771D0108F11E0108891E0108671E0108F0
:101E0000771D0108771D0108ED1E0108771D0108E7
:101E1000C71E0108771D0108771D01086F1E010804
:101E2000453B022BA7D8052331E06B68002B0DDD65
:101E30002B681A784A4540F0A68001336A682B6007
:101E4000459B013A01336A60459356E7A19B2946B9
:101E5000404698470028EBD04498002840F08B80FB
:101E60004FF0FF308BE0419A42F020024192419ABC
:101E700042F40072419210226E2B429206D801E089
:101E800000234293032302E0082342930423479351
:101E90006B68002B3ADD419B590605D42B681A78F4
:101EA0001BF80220120738D4479B022B47DC3B4625
:101EB0002A4641A9404600F00BFA012863D00228C7
:101EC0007FF41BAFC8E70A22D6E7314601A800F02D
:101ED00045FB419B43F04003419306460123D6E76F
:101EE000419B43F0400341930023D0E70223CEE718
:101EF0004198C3063FF501AF3B68459A191D39600B
:101F00001B68C4074CBF1A801A60F6E6A19B2946DD
:101F1000404698470028BED09EE7459A0132459238
:101F20006A68013A002A6A6002DD01332B60B5E776
:101F3000A19B2946404698470028AFD08CE7042B48
:101F40000EDC3B462A4641A9404600F01BFAB4E7A6
:101F5000F51B0108197A01086F1C0108D0790108E6
:101F60000A4B002B3FF4C9AE3B462A4641A94046E6
:101F7000AFF30080A1E7AB895B063FF571AF0DF5CC
:101F8000237DBDE8F08F4498F9E700BF0000000012
:101F90002DE9F047914698468A680B69089E93425E
:101FA000B8BF1346C9F8003091F8432007460C46E5
:101FB00012B10133C9F800302368990642BFD9F83D
:101FC00000300233C9F80030256815F0060507D146
:101FD00004F1190AE368D9F800209B1AAB4229DC06
:101FE00094F843302268003B18BF012392062ED498
:101FF00004F1430241463846B047013021D02368FE
:10200000A168226903F00603042B01BFE568D9F833
:102010000030ED1A25EAE57518BF00258B1A2B4410
:102020009142C8BF1D464FF000091A344D451AD1E0
:10203000002008E00123524641463846B0470130AF
:1020400003D14FF0FF30BDE8F0870135C2E7E1185A
:102050005A1C302081F84300224494F8451082F83D
:1020600043100233C4E70123224641463846B047B5
:102070000130E6D009F10109D8E700002DE9F0436D
:1020800098460B7E85B0782B174606460C9A0C4670
:1020900009D8622B01F1430108D8002B00F0DC8045
:1020A000582B00F0BD8004F1420539E0A3F1630034
:1020B0001528F8D801A555F820F000BF1521010812
:1020C00029210108A7200108A7200108A72001084D
:1020D000A720010829210108A7200108A72001083D
:1020E000A7200108A720010839220108552101086D
:1020F000E7210108A7200108A720010861220108A3
:10210000A720010855210108A7200108A7200108E0
:10211000EF2101081368191D1B68116004F14205C5
:1021200084F842300123A8E013682568181D106068
:10213000280601D51B6803E06A06FBD5B3F9003019
:10214000002B03DA2D225B4284F84320DFF878C1AC
:102150000A2213E02568106815F0800F50F8043B40
:1021600002D16D0648BF9BB21060227EDFF858C1D5
:102170006F2A5DD10822002084F843006568A560BD
:10218000002D05DB20681D4320F00400206051D0A5
:102190000D46B3FBF2F002FB103E9A421CF80EE033
:1021A00005F801ED0346F4D9082A0BD12368DA07B4
:1021B00008D5236962689A42DEBF302305F8013CE6
:1021C00005F1FF35491B2161CDF800803B4603AA8C
:1021D00021463046FFF7DCFE013053D14FF0FF308F
:1021E00005B0BDE8F083236843F020032360DFF8E7
:1021F000DCC0782384F845302068156810F0800F23
:1022000055F8043B03D110F0400F18BF9BB2156086
:10221000C50744BF40F02000206023B11022AAE788
:10222000DFF8A4C0E6E7226822F020022260F5E78A
:102230000A22A0E70D46B7E71368D4F800C060692A
:102240001D1D15601CF0800F1B6801D0186003E095
:102250001CF0400FFAD01880002323610D46B3E72D
:102260001368191D11601D68626800212846F0F787
:10227000CFFA08B1401B606063682361002384F8D3
:102280004330A1E723692A4639463046C04701302A
:10229000A4D023689B0714D4E068039B9842B8BF7E
:1022A00018469DE7012304F1190239463046C0471C
:1022B000013093D00135E36803995B1AAB42F1DC3E
:1022C000EAE70025F7E700BFDB790108EC790108B0
:1022D0002DE9F84315468A6880460C4632B98A696A
:1022E000002A14BF4FF0FF3201228A602268DFF813
:1022F0009090D1065FBF1A68111D196016680027FB
:10230000A06988B1012807D12B681A7863699B5CA2
:1023100053B9002F32D023E0022821D12B681B783B
:1023200019F803301B071BD42368DA065EBF2B683D
:102330001B7806F8013B6B68013B6B602B6801332F
:102340002B60A368013B0137A3604BB16B68002B86
:10235000D6DCD4F880312946404698470028CFD0B3
:10236000236813F0100305D1E2680132E260A2692C
:1023700002B1337023693B4423610020BDE8F88338
:10238000197A01082DE9F04F9946704B0C468246A8
:10239000164693E8070087B003AB83E807006C4B51
:1023A000A1696C4A032908BF1A46A36801925A1E04
:1023B000B2F5AE7F84BF6FF4AE7503EB0508274618
:1023C00084BF40F25D13A36057F81C3B43F4506395
:1023D00098BF4FF0000823603D464FF0000B316876
:1023E00003AB097853F82B000222F0F711FA20B35F
:1023F000BBF1010F54D162682AB92268082142F466
:10240000007261602260226822F4A0622260A268E9
:10241000511EA1608AB13268511C3160127805F8F2
:10242000012B7268013A002A726006DCD4F8802120
:1024300031465046904700287DD10BF1010BBBF18E
:10244000030FCCD1616809B90A216160424B606910
:10245000591A00F083F84FF0000BA368002B3BD013
:10246000316862690878125C002A35D03028226809
:1024700024D1100522D50BF1010BB8F1000F03D0C8
:10248000013308F1FF38A3607368013B002B7360D0
:102490001BDD336801333360A368013BA360DCE7D5
:1024A000BBF1020FB3D1226802F4C061B1F5007F25
:1024B000C8D11021616042F48072A7E722F4106253
:1024C00022600B7805F8013BDEE7D4F88031314615
:1024D000504698470028DFD02368DB050BD5BD4266
:1024E00007D915F8011CD4F87C313246504698477C
:1024F000013DBD4227D0226812F0100212D12A708D
:102500006368019E39465046B047D9F800302168CB
:102510001A1DC9F800208E061B680FD51860E368E5
:102520000133E3602369ED1B5D442B4423610020EC
:1025300007B0BDE8F08F4FF0000BCDE7CA074CBFE6
:1025400018801860EBE70120F2E700BF2030010897
:1025500001290108E12901080D7A010870B50B78FD
:102560005E2B0BBF4B784C1C8C1C002208BF012239
:10257000411E00F1FF0501F8012FA942FBD113B95B
:10258000621E104670BD82F00101C15422461446FD
:1025900014F8015B2D2D05D05D2D16D0002DF0D047
:1025A0002B46F2E756785D2EFAD0B342F8DC0232C1
:1025B0001C460134A6420155FBDCF41A013CB3422F
:1025C000A8BF002401332344E1E72246D9E70000F5
:1025D000B1F90C20F8B5160705460C4651D44B68E6
:1025E000002B02DC0B6C002B49DDE66A002E46D086
:1025F000002312F480522F682B6031D0626DA389C2
:10260000590705D56368D21A636B0BB1236CD21AD4
:102610000023E66A216A2846B047421CB4F90C3010
:1026200006D129681D2944D8264ACA40D60740D574
:1026300000226260D9042269226004D5421C01D1C3
:102640002B6803B96065616B2F60C1B104F144036D
:10265000994202D02846FFF729F9002363630EE070
:10266000216A01232846B0470246501CC7D12B6877
:10267000002BC4D01D2B01D0162B19D12F600020A8
:102680001CE00F69002FFAD093070E6808BF4B6952
:102690000F6018BF0023F61B8B60002EEFDD216A50
:1026A000D4F828C033463A462846E047002806DCDE
:1026B000A38943F04003A3814FF0FF30F8BD0744E6
:1026C000361AEAE70100402038B50B6905460C468A
:1026D00013B91D46284638BD18B1036A0BB9FEF779
:1026E0004BFFB4F90C30002BF3D0626ED00704D44A
:1026F000990502D4A06DFFF79AF828462146FFF706
:1027000067FF636EDA070546E4D4A3899B05E1D42D
:10271000A06DFFF78DF8DDE72DE9F0410C46496B20
:1027200004F1440399421DD14FF48061FEF79CFDF2
:1027300018B94FF0FF30BDE8F0814FF48063A36318
:1027400094F84630606380F8FF3394F8453080F8A1
:10275000FE3394F8443080F8FD3300F2FD30206001
:102760000020E8E7A66B77003A4600F021F805461E
:102770000028DED000EB0608014632464046FFF74F
:1027800069F8C4E90D57C4F80080E9E70EB403B551
:10279000014603AB054853F8042B0068019300F091
:1027A00069F902B05DF804EB03B070473C0000200B
:1027B0002DE9F041074615460C4621B9BDE8F04128
:1027C0001146FEF751BD2AB9FFF770F82C46204696
:1027D000BDE8F08100F062FA8542064602D8B5EB0A
:1027E000500FF4D829463846FEF73EFD804608B91A
:1027F0004446ECE7B5422A46214628BF3246FFF759
:1028000029F821463846FFF751F8F1E7242B2DE946
:10281000F047884601D8012B06D1FEF7DDFF1623CD
:1028200003600020BDE8F087344E0D46294615F8B8
:10283000014B375D17F00807F8D12D2C10D12C78FB
:1028400001278D1C33F0100115D1302C0DD12978C2
:1028500001F0DF01582908D16C78023510230AE015
:102860002B2C04BF2C788D1CECE7002BF6D1302CE0
:1028700014BF0A23082307F1004E0EF1FF3E00218A
:10288000BEFBF3F90E4603FB19EAA4F1300CBCF1D0
:10289000090F10D86446A3421EDDB1F1FF3F07D0F7
:1028A000B14516D301D1A24513DB06FB0346012136
:1028B00015F8014BE9E7A4F1410CBCF1190F01D85F
:1028C000373CE8E7A4F1610CBCF1190F04D8573C80
:1028D000E1E74FF0FF31EBE74B1C05D1222303600A
:1028E000764632B930469DE707B17642002AF9D0E4
:1028F00009B105F1FF38C2F80080F3E7197A010841
:10290000FFF784BF2DE9F043344E86460D46284636
:1029100015F8014B375D17F00807F8D12D2C10D1B1
:102920002C780127851C33F0100015D1302C0DD1E7
:10293000287800F0DF00582808D16C780235102381
:102940000AE02B2C04BF2C78851CECE7002BF6D179
:10295000302C14BF0A2308234FF0FF380026B8FBA1
:10296000F3F803FB08F96FEA09093046A4F1300CCB
:10297000BCF1090F10D86446A3421EDDB6F1FF3F3B
:1029800007D0804516D301D1A14513DB00FB0340DE
:10299000012615F8014BE9E7A4F1410CBCF1190F30
:1029A00001D8373CE8E7A4F1610CBCF1190F04D859
:1029B000573CE1E74FF0FF36EBE7731C06D12223CB
:1029C000CEF80030304632B9BDE8F08307B140425E
:1029D000002AF9D006B1691E1160F5E7197A0108DD
:1029E000FFF790BF884210B501EB020402D9844280
:1029F000234607D8431EA14207D011F8012B03F844
:102A0000012FF8E70244824200D110BD13F8011DE6
:102A100002F8011DF7E708B5062000F05FFA012073
:102A200000F0E8FA9368013B002B10B4936007DADA
:102A30009469A34201DB0A2902D110BC00F036B927
:102A40001368581C10601970084610BC7047F8B520
:102A500006460F461446D518AC4201D1002007E0C7
:102A600014F8011B3A463046FFF7DCFF431CF3D154
:102A7000F8BD00002DE9F04706469CB00D4614460F
:102A80001F4618B1036A0BB9FEF776FD6B6ED907C6
:102A900005D4AB899A0502D4A86DFEF7C8FEAB89B0
:102AA0001B0701D52B699BB92946304600F03CF93C
:102AB00070B16B6EDE0704D54FF0FF301CB0BDE87F
:102AC000F087AB899C05F7D4A86DFEF7B1FEF3E75C
:102AD0000023099320238DF82930039730236A4F70
:102AE0008DF82A304FF0010823461A7899461AB11A
:102AF000252A03F10103F8D1B9EB040A0BD05346A0
:102B0000224629463046FFF7A2FF013000F0A3809D
:102B1000099A5244099299F80030002B00F09B80EA
:102B200000224FF0FF33CDE9053209F1010904928B
:102B300007928DF853201A924C46052214F8011B77
:102B40005148EFF765FE049AD0B9D00644BF202360
:102B50008DF85330110744BF2B238DF8533099F86B
:102B600000302A2B13D007994B4600204FF00A0C57
:102B70001A78303A092A1C464AD9A8B1079113E0BD
:102B8000C01B08FA00F010430490A146D4E7039B51
:102B9000191D1B680391002BBBBF5B4242F0020270
:102BA00007930793B8BF049223782E2B0AD163783A
:102BB0002A2B32D1039B1A1D1B68039243EAE3734D
:102BC00002340593DFF8C490217803224846EFF7DA
:102BD0001FFE38B1049BA0EB090040228240134342
:102BE0000134049321782A488DF828100622EFF743
:102BF0000FFE00283ED0274818BB039B073323F065
:102C0000070308330393099B0344013409936BE7DB
:102C100001330CFB01210120AAE700230593611C6D
:102C200018464FF00A0C0A78303A092A0C4603D9A4
:102C3000002BC7D00590C5E701310CFB0020012314
:102C4000F1E703AB00932A46134B04A93046AFF3D8
:102C50000080431CD7D16B6ED90705D4AB899A0588
:102C600002D4A86DFEF7E4FDAB895B063FF524AF07
:102C7000099823E703AB00932A46074B04A9304683
:102C8000FFF7FCF9E5E700BFCA790108D079010830
:102C9000D4790108000000004F2A010851F8043CD3
:102CA000181F002BBCBF0B58C0187047F8B505465D
:102CB0000F46144618B1036A0BB9FEF75DFCA36911
:102CC000A360A3891A0701D5236943B92146284681
:102CD00000F02AF818B14FF0FF363046F8BD2369EE
:102CE0002068C01A6369834205DC21462846FFF745
:102CF000EBFC0028EFD1A368013BA36023685A1CBA
:102D000022601F70636901308342FEB204D0A38940
:102D1000DB07E2D50A2EE0D121462846FFF7D4FC96
:102D20000028DAD0D7E7000038B5284B05461868E8
:102D30000C4618B1036A0BB9FEF71EFCB4F90C304F
:102D4000190720D4DA0607D409222A6043F0400389
:102D5000A3814FF0FF3031E0580711D5616B41B1CD
:102D600004F14403994202D02846FEF79FFD002358
:102D700063630022A38962602269226023F0240336
:102D800043F00803A38123694BB9A38903F420739B
:102D9000B3F5007F03D02146284600F03DF8B4F992
:102DA0000C3013F001020AD00022A2606269524284
:102DB000A261226942B913F08000C7D138BD9907DA
:102DC00058BF6269A260F4E70020F7E73C000020EA
:102DD00070B50E46B1F90E10002996B014461D4686
:102DE0000ADAB28912F0800213D14FF48061002018
:102DF0002A60216016B070BD6A4600F09BF800287A
:102E0000EFDB019A02F47042A2F500535A425A4194
:102E1000EBE700224021EAE78B8973B59E07054660
:102E20000C4607D504F14703236023610123636146
:102E300002B070BD01AB6A46FFF7CAFF009E28468C
:102E40003146FEF711FAB4F90C3038B99A05EFD4CF
:102E500023F0030343F00203A381E3E743F080037D
:102E6000A381019B2060C4E90406002BE0D0B4F9E3
:102E70000E10284600F03AF80028D9D0A38923F094
:102E8000030343F00103A381D2E71F2938B50546A8
:102E90000C4604D9162303604FF0FF3038BDC26BD7
:102EA00012B152F821304BB9284600F041F82246C1
:102EB00001462846BDE8384000F028B8012B0AD06A
:102EC000591C03D1162303600120E7E7002142F8D3
:102ED0002410204698470020E0E70000024B0146FE
:102EE0001868FFF7D2BF00BF3C00002038B5064C81
:102EF000002305460846236000F046F8431C02D133
:102F0000236803B12B6038BD3460002038B5074C0E
:102F10000023054608461146236000F03DF8431C97
:102F200002D1236803B12B6038BD00BF346000209C
:102F300000F022B838B5074C002305460846114674
:102F4000236000F011F8431C02D1236803B12B6009
:102F500038BD00BF34600020024B58221A604FF089
:102F6000FF30704734600020024B58221A604FF047
:102F7000FF30704734600020024B58221A604FF037
:102F8000FF30704734600020024B58221A60002046
:102F9000704700BF34600020024B58221A604FF087
:102FA000FF30704734600020024B58221A604FF007
:102FB000FF30704734600020024B58221A604FF0F7
:102FC000FF30704734600020044A05491368002B25
:102FD00008BF0B4618441060184670473860002040
:102FE0003C600020024B58221A604FF0FF307047BF
:102FF00034600020FEE700BFF8B500BFF8BC08BC95
:103000009E467047F8B500BFF8BC08BC9E467047A6
:103010002A001F0F3F0000000077FF0002000000A1
:103020000F7A0108127A0108157A010800000000E1
:10303000010203040000000000000000010203047C
:10304000060708090102030405060708090A0B0C14
:103050000D0E0F1002030405060708090A0B0C0DDC
:103060000E0F1010000000480000020002000000D7
:103070000300000000000000000000000000004805
:103080000000020001000000030000000100000039
:1030900000000000000400480000040040000000A0
:1030A00012000000010000000400000000040048BD
:1030B0000000040080000000120000000100000079
:1030C00004000000000000480000020000010000B1
:1030D00000000000010000000000000000000048A7
:1030E00000000200000200001200000001000000C9
:1030F000040000000000004800000200000400007E
:10310000120000000100000004000000000400485C
:10311000000004002000000001000000000000008A
:10312000000400480000040010000000000000003F
:1031300001000000000800480000080000400000F6
:103140000000000001000000000400480000020030
:103150000200000000040048000008000800000011
:103160000000004800000800008000000004004843
:103170000000020004000000010000000000000048
:1031800000040048000008000100000001000000E9
:1031900000000000000400480000080000080000D3
:1031A00001000000000000000004004800000800CA
:1031B00000040000010000000000000002260000E2
:1031C000012400000406080A090000004469654261
:1031D00069654D530000000066616C736500000076
:1031E00074727565000000004368617267696E67FC
:1031F000000000004C6F616420656E61626C656464
:1032000000000000436861726765640042616C61A0
:103210006E63696E67000000507265636861726773
:1032200065206572726F72004572726F72000000E5
:10323000466F72636564206F6E000000506F7765A3
:103240007220646F776E000045787465726E616CF1
:1032500020285553422F43414E290000556E6B6E76
:103260006F776E0043454C4C5F4F565F534F46544B
:103270000000000043454C4C5F4F565F48415244AC
:103280000000000043454C4C5F55565F534F465479
:103290000000000043454C4C5F55565F4841524486
:1032A0000000000043454C4C5F524541445F494E8D
:1032B00056414C494400000043454C4C5F4F50453B
:1032C0004E5F57495245000054454D505F4F56459B
:1032D000525F4C494D49540054454D505F52454151
:1032E000445F494E56414C494400000054454D50FE
:1032F0005F53454E534F525F494E56414C4944002F
:1033000049534C5F524541445F494E56414C4944F4
:1033100000000000565041434B5F524541445F4915
:103320004E56414C49440000505245434841524793
:10333000455F54494D454F555400000057454C4496
:1033400045445F434F4E544143544F525F5355538E
:103350005045435400000000494E5445524E414CE4
:103360005F464154414C00004E4F4E450000000066
:103370004D6561737572656D656E742073746174EB
:1033800075733A0020206661756C747320616374F4
:103390006976653D2575207072696D6172793D258C
:1033A000732075693D2575206163746976654D618B
:1033B000736B3D30782530386C58000020206365F1
:1033C0006C6C2076616C69643D2573206572723D7A
:1033D000257520636F756E743D25750020206F7014
:1033E000656E2D776972652076616C69643D257321
:1033F000206661756C74733D25752064696167454D
:1034000072723D2575000000202062616C616E6360
:10341000696E672076616C69643D25732061637411
:103420006976653D2575206572723D257500000041
:10343000202074656D702076616C69643D25732071
:103440006572723D257520636F756E743D2575003C
:103450002020766261742076616C69643D2573205A
:1034600063757272656E742076616C69643D257354
:1034700020767061636B2076616C69643D25730012
:103480002020706F776572206D6F6E69746F722087
:1034900076616C69643D2573206572723D25750007
:1034A0004661756C7420646961676E6F73746963DB
:1034B000733A000020206163746976654D61736B17
:1034C000203D2030782530386C58000020206C6179
:1034D00074636865644D61736B203D2030782530DE
:1034E000386C58002020616374697665436F756E8F
:1034F00074203D202575000020207072696D617276
:1035000079203D2025730000202075694661756C87
:1035100074436F6465203D20257500002020252D13
:10352000323473203A206163746976653D257320D7
:103530006C6174636865643D2573000025732062C7
:10354000616C5B253032755D203A202573000000E8
:1035500025732063656C6C5B253032755D203A20E5
:10356000252E346656207261773D25752064657678
:103570003D25752063683D25750000002573206F8B
:10358000775B253032755D20203A202573000000DE
:1035900025732074656D705B253032755D203A208F
:1035A0007261773D25756D5620636F64653D2575A5
:1035B00020636F6E763D252E3166432076616C69FF
:1035C000643D2573206465763D25752063683D253F
:1035D0007500000043454C4C2D62616C616E636563
:1035E00020646961676E6F73746963733A000000E9
:1035F000202076616C69643D25732061637469766F
:1036000065436F756E743D2575206572726F7243E8
:103610006F756E743D2575206C617374436F6E66B3
:1036200069675045434572726F72733D257500009E
:1036300020206465766963655B25755D206D617327
:103640006B3D30782530345800000000202066693A
:103650007273740020206C61737420004F75747055
:1036600075742D7065726D697373696F6E2064690E
:1036700061676E6F73746963733A000020204D6157
:10368000737465724F6B20646573697265643D2560
:1036900073206566666563746976654750494F3D7A
:1036A000257320646F776E73747265616D4E6F74ED
:1036B000653D6163746976652D6C6F772061667412
:1036C0006572204D4F534645542073746167650001
:1036D00020204469736368617267655065726D6923
:1036E0007373696F6E20646573697265643D2573D9
:1036F00020616C6C6F7765643D2573206566666537
:1037000063746976654750494F3D2573000000009A
:1037100020204368617267655065726D69737369D3
:103720006F6E20646573697265643D257320616CFA
:103730006C6F7765643D25732065666665637469A3
:1037400076654750494F3D257300000020204368AF
:103750006172676572536166657479206465736927
:103760007265643D25732065666665637469766578
:103770004750494F3D257300484947480000000025
:103780004C4F570069736F53504920646961676EED
:103790006F73746963733A00202073656C6563749A
:1037A000656420636861696E3A2043454C4C0000B3
:1037B000202073656C656374656420636861696E5D
:1037C0003A2054454D500000202073656C656374A9
:1037D000656420636861696E3A204E4F4E45000073
:1037E000202043535F43454C4C2069646C65486915
:1037F00067683D2573207261773D257300000000E6
:10380000202043535F54454D502069646C654869DE
:1038100067683D2573207261773D257300000000C5
:103820002020626F746820636869702D73656C6511
:103830006374732069646C6520686967683D2573EB
:1038400000000000202054454D5020636861696EDF
:10385000206E6F74653A2053206F757470757473A1
:10386000206172652074656D706F7261727920736A
:10387000656E736F722D6269617320656E61626C33
:1038800065732C206E6F742062616C616E63696E6B
:103890006700000043656C6C2D636861696E20648D
:1038A0006961676E6F73746963733A002020746F87
:1038B00074616C3D257520726561646F7574566125
:1038C0006C69643D257320726561646F757445721F
:1038D000723D257520636F756E743D25750000007F
:1038E0002020636861696E206C6173745265616445
:1038F00056616C69643D2573206C61737452656117
:10390000645045434572726F72733D257500000027
:1039100020206F70656E576972652076616C6964EE
:103920003D2573206661756C74733D25752064694F
:1039300061674572723D2575206469616750454332
:103940003D257500202062616C616E6365207661A3
:103950006C69643D2573206163746976653D2575E6
:10396000206572723D2575207065633D25750000E8
:1039700020206D696E3D252E346656206176673DA8
:10398000252E346656206D61783D252E34665620EE
:103990006D69736D617463683D252E346656000051
:1039A00054454D502D636861696E20646961676E8E
:1039B0006F73746963733A00202073656E736F725E
:1039C0002D656E61626C6520737461747573206916
:1039D0007320736861726564207769746820544548
:1039E0004D502D636861696E20636F6E6669672054
:1039F000726561646261636B20696E207468652022
:103A000063757272656E7420647269766572000007
:103A10002020626174746572792074656D7020680D
:103A20006967683D252E316643206176673D252E06
:103A3000316643206C6F773D252E316643000000D0
:103A40002020626D732074656D7020686967683D21
:103A5000252E316643206176673D252E3166432051
:103A60006C6F773D252E316643000000506F7765FF
:103A7000722D6D6F6E69746F7220646961676E6F0D
:103A800073746963733A0000202056626174284998
:103A9000534C3238303232293D252E33665620764B
:103AA000616C69643D257300202043757272656EF8
:103AB000742849534C3238303232293D252E336632
:103AC000412076616C69643D2573000020205670AA
:103AD00061636B2850413120414443293D252E33F9
:103AE00066562076616C69643D2573002020706FF6
:103AF0007765724D6F6E69746F7256616C69643D63
:103B00002573206572723D257500000020204368F2
:103B100061726765446574656374204750494F3D21
:103B20002573207468726573686F6C643D252E324E
:103B300066412063686172676543757272656E7471
:103B400044657465637465643D2573002020506F7F
:103B5000776572427574746F6E204750494F3D25EA
:103B600073206465626F756E6365643D2573000044
:103B70005072656368617267652F636F6E7461630D
:103B80007420646961676E6F73746963733A0000CF
:103B9000202073746174653D257320656C617073BA
:103BA00065644D733D256C752074696D656F757422
:103BB0004D733D256C7500002020566261743D25D3
:103BC0002E3366562076616C69643D2573206D69DD
:103BD0006E696D756D3D252E33665600202056703A
:103BE00061636B3D252E3366562076616C69643DBA
:103BF000257320726174696F3D252E3366207468C9
:103C0000726573686F6C643D252E33662064656C45
:103C100074613D252E3366560000000020206D653E
:103C200061737572656D656E7456616C69643D256E
:103C30007320707265636861726765436F6D706C45
:103C40006574653D2573000020206661756C7420E5
:103C50005052454348415247455F54494D454F55A1
:103C6000543D25732057454C4445445F434F4E54C3
:103C70004143544F525F535553504543543D257370
:103C80002063616368656457656C6465643D257392
:103C900000000000202050423131206E6F74653AE0
:103CA000204D554C5449505552504F53455F454E49
:103CB00041424C45206973204D61737465724F6BAE
:103CC000207065726D697373696F6E206F6E6C79A9
:103CD0002C206E6F7420612064697265637420709B
:103CE00072656368617267652072656C61792064D2
:103CF000726976650000000054727565000000006E
:103D000046616C7365000000200000004E6F206368
:103D10006F6D6D616E642072656365697665640AB6
:103D20000000000070696E6700000000706F6E6731
:103D30000A00000064696167000000002D2D2D2D30
:103D40002D204272696E672D757020646961676EFF
:103D50006F73746963732073756D6D617279202D53
:103D60002D2D2D2D000000004F7065726174696F5C
:103D70006E616C20737461746520202020202020E7
:103D80003A202573000000005061636B2073756D4D
:103D90006D6172793A20566261743D252E33665604
:103DA00020493D252E33664120567061636B3D25C9
:103DB0002E3366562063656C6C5B6D696E2F617681
:103DC000672F6D61785D3D252E34662F252E346674
:103DD0002F252E3466562074656D70426174745BB5
:103DE0006D696E2F6176672F6D61785D3D252E318F
:103DF000662F252E31662F252E31664300000000E8
:103E000055736520646961675F6661756C74732CB6
:103E100020646961675F63656C6C732C2064696101
:103E2000675F74656D702C20646961675F706F7780
:103E300065722C20646961675F7072656368617286
:103E400067652C20646961675F6F75747075747342
:103E50002C20646961675F69736F73706920666F96
:103E6000722064657461696C656420766965777336
:103E70002E0000002D2D2D2D2D20456E6420627208
:103E8000696E672D757020646961676E6F73746900
:103E90006373202D2D2D2D2D0000000064696167B6
:103EA0005F6661756C7473002D2D2D2D2D2046617C
:103EB000756C7420646961676E6F737469637320D5
:103EC0002D2D2D2D2D0000002D2D2D2D2D20456E5D
:103ED00064206661756C7420646961676E6F7374C9
:103EE000696373202D2D2D2D2D00000064696167FD
:103EF0005F63656C6C7300002D2D2D2D2D204365A7
:103F00006C6C2D636861696E20646961676E6F73A4
:103F100074696373202D2D2D2D2D00002D2D2D2D39
:103F20002D20456E642063656C6C2D636861696E3D
:103F300020646961676E6F7374696373202D2D2D22
:103F40002D2D0000646961675F62616C616E63655D
:103F5000000000002D2D2D2D2D2043454C4C2D62B1
:103F6000616C616E636520646961676E6F7374690B
:103F70006373202D2D2D2D2D000000002D2D2D2DB6
:103F80002D20456E642043454C4C2D62616C616E62
:103F9000636520646961676E6F7374696373202D54
:103FA0002D2D2D2D00000000646961675F74656D23
:103FB000700000002D2D2D2D2D2054454D502D63CA
:103FC0006861696E20646961676E6F737469637399
:103FD000202D2D2D2D2D00002D2D2D2D2D20456E2C
:103FE000642054454D502D636861696E2064696199
:103FF000676E6F7374696373202D2D2D2D2D000056
:10400000646961675F706F77657200002D2D2D2DDB
:104010002D20506F77657220646961676E6F7374CD
:10402000696373202D2D2D2D2D0000002D2D2D2D9C
:104030002D20456E6420706F77657220646961671A
:104040006E6F7374696373202D2D2D2D2D0000006C
:10405000646961675F7072656368617267650000BB
:104060002D2D2D2D2D205072656368617267652F8F
:10407000636F6E7461637420646961676E6F7374DB
:10408000696373202D2D2D2D2D0000002D2D2D2D3C
:104090002D20456E64207072656368617267652FBC
:1040A000636F6E7461637420646961676E6F7374AB
:1040B000696373202D2D2D2D2D000000646961672B
:1040C0005F6F757470757473000000002D2D2D2DB9
:1040D0002D204F757470757420646961676E6F73FD
:1040E00074696373202D2D2D2D2D00002D2D2D2D68
:1040F0002D20456E64206F7574707574206469613D
:10410000676E6F7374696373202D2D2D2D2D000044
:10411000646961675F69736F737069002D2D2D2D60
:104120002D2069736F53504920646961676E6F7306
:1041300074696373202D2D2D2D2D00002D2D2D2D17
:104140002D20456E642069736F5350492064696166
:10415000676E6F7374696373202D2D2D2D2D0000F4
:104160006D6561737572655F63656C6C735F6F6EAF
:10417000636500006D6561737572655F63656C6C86
:10418000735F6F6E63653A2076616C69643D257379
:10419000000000006D6561737572655F74656D7018
:1041A0005F6F6E63650000006D6561737572655FBA
:1041B00074656D705F6F6E63653A2076616C6964DB
:1041C0003D2573006D6561737572655F706F77650E
:1041D000725F6F6E636500006D6561737572655F18
:1041E000706F7765725F6F6E63653A2076616C6998
:1041F000643D2573000000007374617475730000E2
:104200002D2D2D2D2D4261747465727920506163BE
:104210006B205374617475732D2D2D2D2D000000AE
:104220005061636B20766F6C74616765202020207D
:104230002020202020203A20252E32665600000023
:104240005061636B2063757272656E74202020204C
:104250002020202020203A20252E32664100000018
:104260004C6F77202063757272656E742020202059
:104270002020202020203A20252E326641000000F8
:10428000486967682063757272656E74202020200B
:104290002020202020203A20252E326641000000D8
:1042A0005374617465206F6620636861726765206E
:1042B0002020202020203A20252E316625250000B0
:1042C00052656D61696E696E6720636170616369D3
:1042D0007479202020203A20252E32664168000083
:1042E0004F7065726174696F6E616C207374617474
:1042F0006520202020203A20257300004C6F616447
:1043000020766F6C7461676520202020202020209B
:1043100020203A20252E32665600000043656C6C42
:1043200020766F6C7461676520686967682020205B
:1043300020203A20252E33665600000043656C6C21
:1043400020766F6C74616765206C6F772020202069
:1043500020203A20252E33665600000043656C6C01
:1043600020766F6C74616765206176657261676540
:1043700020203A20252E33665600000043656C6CE1
:1043800020766F6C74616765206D69736D6174630D
:1043900068203A20252E3366560000004469736376
:1043A000686172676520656E61626C6564202020BB
:1043B00020203A20257300004368617267652065FC
:1043C0006E61626C656420202020202020203A202D
:1043D00025730000506F77657220627574746F6E7C
:1043E000207072657373656420203A202573000085
:1043F0002D2D2D456E6420426174746572792050B4
:1044000061636B205374617475732D2D2D00000052
:1044100073656E73000000002D2D2D2D2D202020A2
:104420002020202053656E736F727320202020207F
:10443000202020202D2D2D2D2D00000053656E7382
:104440006F725B305D20203A20252E31662043209C
:104450002D2045202D20274C5443204E54433027F7
:104460000000000053656E736F725B315D20203A6F
:1044700020252E31662043202D2045202D20274C3D
:104480005443204E544331270000000053656E739F
:104490006F725B325D20203A20252E31662043204A
:1044A0002D2049202D20274C544320496E746572DD
:1044B0006E616C270000000053656E736F725B3392
:1044C0005D20203A20252E31662043202D204920D2
:1044D0002D202753544D204E5443270053656E73AF
:1044E0006F725B345D20203A20252E3166204320F8
:1044F0002D2045202D2027414443204E5443302772
:104500000000000053656E736F725B355D20203ACA
:1045100020252E31662043202D2045202D202741A7
:104520004443204E544331270000000053656E730E
:104530006F725B365D20203A20252E3166204320A5
:104540002D2045202D2027414443204E544332271F
:104550000000000053656E736F725B375D20203A78
:1045600020252E31662043202D2045202D20274157
:104570004443204E544333270000000053656E73BC
:104580006F725B385D20203A20252E316620432053
:104590002D2045202D2027414443204E54433427CD
:1045A0000000000053656E736F725B395D20203A26
:1045B00020252E31662043202D2045202D20274107
:1045C0004443204E544335270000000053656E736A
:1045D0006F725B31305D203A20252E3166204320FA
:1045E0002D2049202D2027414443204E5443362777
:1045F0000000000053656E736F725B31315D203ACD
:1046000020252E31662043202D2049202D202741B2
:104610004443204E544337270000000053656E7317
:104620006F725B31325D203A20252E3166204320A7
:104630002D2049202D2027534854270053656E73A1
:104640006F725B31335D203A20252E31662025259F
:10465000202D2049202D202748756D6964697479C3
:10466000270000002D2D2D2D2D20453D457874650A
:10467000726E616C20493D496E7465726E616C208A
:104680002D2D2D2D2D0000002D2D2D2D2D20202008
:104690002020456E642073656E736F727320202036
:1046A000202020202D2D2D2D2D00000063656C6C09
:1046B000730000002D2D2D2D2D20202043656C6CC6
:1046C00020766F6C74616765732020202D2D2D2D51
:1046D0002D00000043656C6C20766F6C746167651B
:1046E000253264202020202020202020202020206F
:1046F0003A20252E3366560043656C6C20766F6C2D
:104700007461676520686967682020202020202068
:104710002020203A20252E336656000043656C6C1D
:1047200020766F6C74616765206C6F772020202085
:10473000202020202020203A20252E3366560000FD
:1047400043656C6C20766F6C74616765206176657B
:1047500072616765202020202020203A20252E33FA
:104760006656000043656C6C20766F6C74616765FB
:10477000206D69736D617463682020202020203AC9
:1047800020252E33665600002D2D2D2D2D20456E13
:10479000642043656C6C20766F6C74616765732070
:1047A0002D2D2D2D2D000000636F6E6669670000B2
:1047B0002D2D2D202020424D5320436F6E666967BA
:1047C00075726174696F6E2020202D2D2D00000000
:1047D0004E6F4F6643656C6C732020202020202094
:1047E00020202020202020202020203A2025750075
:1047F0006261747465727943617061636974792070
:1048000020202020202020202020203A20252E3269
:104810006641680063656C6C48617264556E6465DE
:1048200072566F6C74616765202020202020203A2A
:1048300020252E336656000063656C6C48617264F7
:104840004F766572566F6C7461676520202020205A
:104850002020203A20252E336656000063656C6CBC
:104860004C43536F6674556E646572566F6C746119
:10487000676520202020203A20252E336656000030
:1048800063656C6C536F66744F766572566F6C74AB
:1048900061676520202020202020203A20252E330B
:1048A0006656000063656C6C42616C616E636553B3
:1048B0007461727420202020202020202020203AA3
:1048C00020252E336656000063656C6C42616C6176
:1048D0006E6365446966665468726573686F6C647C
:1048E0002020203A20252E336656000043414E20DA
:1048F000494420202020202020202020202020206B
:10490000202020202020203A202575002D2D2D202C
:10491000456E6420424D5320436F6E666967757221
:104920006174696F6E202D2D2D000000636F6E661F
:1049300069675F64656661756C7400002D2D526552
:1049400073746F72696E672064656661756C74203C
:10495000636F6E6669672D2D0000000053756363F9
:10496000657366756C6C7920726573746F726564BB
:1049700020636F6E6669672C206E657720636F6EAB
:104980006669672077696C206265207573656420AD
:104990006F6E20706F7765726379636C6520286F26
:1049A000722075736520636F6E6669675F726561FB
:1049B0006420746F206170706C79206974206E6F50
:1049C00077292E004572726F7220726573746F7250
:1049D000656420636F6E6669672E0000636F6E66A4
:1049E00069675F7772697465000000002D2D2D20C6
:1049F00020202057726974696E6720636F6E666944
:104A000067202020202D2D2D0000000053756363AA
:104A1000657366756C6C79207772697474656E2045
:104A2000636F6E6669672E004572726F72207772CF
:104A30006974696E6720636F6E6669672E00000097
:104A4000636F6E6669675F72656164002D2D2D204E
:104A500020202052656164696E6720636F6E66690D
:104A600067202020202D2D2D00000000537563634A
:104A7000657366756C6C79207265616420636F6E16
:104A80006669672E000000004572726F72207265C1
:104A90006164696E6720636F6E6669672E0000004F
:104AA000636F6E6669675F7365745F63656C6C7373
:104AB000000000002D2D2D53657474696E67206E03
:104AC00065772063656C6C20636F756E742D2D2D7A
:104AD000000000004E756D626572206F6620636590
:104AE0006C6C732069732073657420746F3A202591
:104AF000752E0000496E76616C6964206E756D627A
:104B00006572206F662063656C6C73202873686F14
:104B1000756C6420626520616E797468696E6720C7
:104B200066726F6D203320746F203132292E0000A1
:104B30005468697320636F6D6D616E642072657176
:104B40007569726573206F6E6520617267756D653A
:104B50006E742E006877696E666F00002D2D2D2D06
:104B60002D2D2D20202020424D5320496E666F2090
:104B700020202D2D2D2D2D2D2D00000056302E32D4
:104B8000310000004669726D776172653A202573C5
:104B9000000000004E616D65202020203A20257322
:104BA00000000000555549443A2025303258202550
:104BB00030325820253032582025303258202530C8
:104BC00032582025303258202530325820253032B6
:104BD0005820253032582025303258202530325880
:104BE00020253032580000002D2D2D2D2D2D2D206B
:104BF000456E6420424D5320496E666F20202D2D56
:104C00002D2D2D2D2D0000007265626F6F74000038
:104C10002D2D2D2D2D2D20205265626F6F74696E04
:104C20006720424D5320202D2D2D2D2D2D000000CD
:104C3000626F6F746C6F616465725F6572617365DA
:104C4000000000002D2D2D2D2D2D2020657261736B
:104C5000696E67206E657720617070207370616384
:104C60006520202D2D2D2D2D2D0000002D2D457280
:104C700061736520646F6E652E0000002D2D4572F6
:104C8000617365206572726F722E0000626F6F74BF
:104C90006C6F616465725F6A756D7000736C6176CC
:104CA000655F7363616E00002D2D2D2D2D2D20204D
:104CB000536C61766520424D532049324320736323
:104CC000616E20202D2D2D2D2D2D0000507265732D
:104CD000656E63653A203062257300004269742076
:104CE0006F726465723A2030284D534229202D207E
:104CF00030202D2046414E447269766572202D2069
:104D00004E5443414443202D20494F457874202D73
:104D100020534854202D2049534C417578202D2094
:104D200049534C4D61696E284C5342292E20000096
:104D300053485420646F6573206E6F7420726573DE
:104D4000706F6E64207768656E20697420697320C7
:104D5000646F696E67206120636F6E766572736938
:104D60006F6E2E002D2D2D2D2D2D2020536C617654
:104D70006520424D5320493243207363616E2065A4
:104D80006E6420202D2D2D2D2D2D000068656C705A
:104D9000000000002D2D2D2D2D2D2D20537461721E
:104DA00074206F662068656C70202D2D2D2D2D2DA3
:104DB0002D00000056616C696420636F6D6D616E3B
:104DC000647320666F722074686520446965426967
:104DD000654D53206172653A000000002020536841
:104DE0006F7720746869732068656C702E0000000E
:104DF00020205072696E7420706F6E672068657233
:104E00006520746F2073656520696620746865206D
:104E10007265706C7920776F726B732E00000000E2
:104E200020205363616E20746865204932432064FA
:104E3000657669636573206F6E2074686520736C96
:104E40006176652E0000000020205072696E74208B
:104E500062617474657279206D6561737572656DD8
:104E6000656E74732073756D6D6172792E0000002C
:104E700020205072696E74206272696E672D7570A1
:104E8000206D6561737572656D656E742076616CF9
:104E9000696469747920616E642073756D6D6172E7
:104EA0007920646961676E6F73746963732E0000A3
:104EB00020205072696E74207468652063656E747A
:104EC00072616C697A6564206661756C74206D61CD
:104ED000736B732C207072696D61727920666175D5
:104EE0006C7420616E64207065722D626974207329
:104EF000746174652E00000020205072696E742069
:104F000037352D63656C6C20636861696E20646958
:104F100061676E6F73746963732C2050454320730F
:104F2000746174757320616E642073616D706C655B
:104F300020766F6C74616765732E000020205072BC
:104F4000696E742043454C4C2D636861696E206224
:104F5000616C616E63696E67206D61736B732C2089
:104F6000636F756E74732C20616E6420504543200E
:104F70007374617475732E0020205072696E7420F2
:104F800054454D502D636861696E207261772F63BF
:104F90006F6E7665727465642073616D706C6520E8
:104FA0006461746120616E642076616C6964697407
:104FB000792E000020205072696E74205662617450
:104FC0002F63757272656E742F567061636B2076F5
:104FD000616C696469747920616E6420696E7075B2
:104FE0007420646961676E6F73746963732E000067
:104FF00020205072696E7420566261742F56706161
:10500000636B207072656368617267652D636F6D95
:10501000706C65746520616E642077656C6465648E
:105020002D636F6E746163746F7220646961676E63
:105030006F73746963732E0020205072696E742040
:105040006465736972656420666C61677320616E64
:1050500064204750494F20726561646261636B2030
:10506000666F72206F7574707574207065726D69EB
:105070007373696F6E732E0020205072696E7420F6
:1050800069736F53504920636861696E2D73656C55
:10509000656374696F6E20616E6420636869702D4A
:1050A00073656C6563742069646C6520646961670D
:1050B0006E6F73746963732E0000000020205472B9
:1050C0006967676572206F6E652043454C4C2D63A0
:1050D0006861696E206D6561737572656D656E746A
:1050E000207265667265736820776974686F75747D
:1050F00020746F756368696E672073616665747983
:10510000206F7574707574732E0000002020547227
:105110006967676572206F6E652054454D502D6339
:105120006861696E206D6561737572656D656E7419
:1051300020726566726573683B2054454D5020733C
:10514000656E736F72206269617320697320656E8A
:1051500061626C6564206F6E6C7920647572696E33
:105160006720746865207265616420616E642074D4
:1051700068656E2064697361626C65642061676153
:10518000696E2E00202054726967676572206F6E09
:105190006520566261742F63757272656E742F5646
:1051A0007061636B207265667265736820776974DD
:1051B000686F757420746F756368696E67207361BA
:1051C00066657479206F7574707574732E000000B5
:1051D00020205072696E7420616C6C2073656E7350
:1051E0006F722076616C7565732E000020205072FE
:1051F000696E742063656C6C20766F6C7461676592
:10520000206D6561737572656D656E74732E000037
:1052100020205072696E7420424D5320636F6E6679
:10522000696775726174696F6E2E000020204C6F83
:1052300061642064656661756C7420424D5320631F
:105240006F6E66696775726174696F6E2E0000001B
:10525000202053746F72652063757272656E7420BE
:10526000424D5320636F6E66696775726174696F32
:105270006E20746F20454550524F4D2E00000000A7
:1052800020205265616420424D5320636F6E666931
:105290006775726174696F6E2066726F6D20454527
:1052A00050524F4D2E00000020205072696E742025
:1052B000736F6D6520686172647761726520696ED5
:1052C000666F726D6174696F6E2E00002D2D2D4D0D
:1052D0006F72652066756E6374696F6E616C6C6960
:1052E000747920746F20636F6D652E2E2E2D2D0026
:1052F0002573202573000000202025730000000086
:1053000020205468657265206973206E6F2068657F
:105310006C7020617661696C61626C6520666F7289
:10532000207468697320636F6D6D616E642E000078
:10533000496E76616C696420636F6D6D616E643A6D
:105340002025730A20747970652068656C7020745C
:105350006F206C69737420616C6C20617661696C7C
:1053600061626C6520636F6D6D616E64730A00002D
:1053700000000008000800080010000800180008DD
:10538000002000080028000800300008003800084D
:1053900000400008004800080050000800580008BD
:1053A000006000080068000800700008007800082D
:1053B000008000080088000800900008009800089D
:1053C00000A0000800A8000800B0000800B800080D
:1053D00000C0000800C8000800D0000800D800087D
:1053E00000E0000800E8000800F0000800F80008ED
:1053F0000000010800080108001001080018010859
:1054000000200108002801080030010800380108C8
:105410000040010800480108005001080058010838
:1054200000600108006801080070010800780108A8
:105430000080010800880108009001080098010818
:1054400000A0010800A8010800B0010800B8010888
:1054500000C0010800C8010800D0010800D80108F8
:1054600000E0010800E8010800F0010800F8010868
:1054700000000208000802080010020800180208D4
:105480000020020800280208003002080038020844
:1054900000400208004802080050020800580208B4
:1054A0000060020800680208007002080078020824
:1054B0000080020800880208009002080098020894
:1054C00000A0020800A8020800B0020800B8020804
:1054D00000C0020800C8020800D0020800D8020874
:1054E00000E0020800E8020800F0020800F80208E4
:1054F0000000030800080308001003080018030850
:1055000088090000000020C27409000000000CC2DD
:10551000600900000000F0C14C0900000000C8C193
:105520002E0900000000A0C110090000000070C199
:10553000DE080000000020C1B60800000000A0C086
:105540007A080000000000003E0800000000A040B3
:105550000208000000002041C60700000000704162
:10556000800700000000A041440700000000C8417F
:10557000080700000000F041CC06000000000C42CB
:1055800090060000000020425E0600000000344249
:1055900036060000000048420E06000000005C4293
:1055A000E605000000007042C805000000008242CD
:1055B000AA05000000008C429605000000009642FB
:1055C000780500000000A042640500000000AA4227
:1055D0005A0500000000B442460500000000BE422B
:1055E0003C0500000000C842320500000000D24225
:1055F000280500000000DC421E0500000000E64215
:10560000140500000000F042FF7FFF7FFF7FFF7F57
:10561000FF7F000000002110422063308440A5502D
:10562000C660E770088129914AA16BB18CC1ADD1E8
:10563000CEE1EFF13112100273325222B552944290
:10564000F772D662399318837BB35AA3BDD39CC338
:10565000FFF3DEE36224433420040114E664C774DC
:10566000A44485546AA54BB528850995EEE5CFF588
:10567000ACC58DD55336722611163006D776F66630
:105680009556B4465BB77AA719973887DFF7FEE7D8
:105690009DD7BCC7C448E5588668A77840086118FC
:1056A00002282338CCC9EDD98EE9AFF94889699928
:1056B0000AA92BB9F55AD44AB77A966A711A500AD0
:1056C000333A122AFDDBDCCBBFFB9EEB799B588B78
:1056D0003BBB1AABA66C877CE44CC55C222C033C1C
:1056E000600C411CAEED8FFDECCDCDDD2AAD0BBDC8
:1056F000688D499D977EB66ED55EF44E133E322E70
:10570000511E700E9FFFBEEFDDDFFCCF1BBF3AAF17
:10571000599F788F8891A981CAB1EBA10CD12DC175
:105720004EF16FE18010A100C230E320045025400B
:1057300046706760B9839893FBA3DAB33DC31CD36B
:105740007FE35EF3B1029012F322D232354214525B
:1057500077625672EAB5CBA5A89589856EF54FE5B7
:105760002CD50DC5E234C324A014810466744764AB
:1057700024540544DBA7FAB79987B8975FE77EF70B
:105780001DC73CD7D326F2369106B01657667676FB
:10579000154634564CD96DC90EF92FE9C899E989D7
:1057A0008AB9ABA94458654806782768C018E1084B
:1057B0008238A3287DCB5CDB3FEB1EFBF98BD89BAB
:1057C000BBAB9ABB754A545A376A167AF10AD01A9B
:1057D000B32A923A2EFD0FED6CDD4DCDAABD8BADF7
:1057E000E89DC98D267C076C645C454CA23C832CEB
:1057F000E01CC10C1FEF3EFF5DCF7CDF9BAFBABF4B
:10580000D98FF89F176E367E554E745E932EB23E3A
:10581000D10EF01E00000000003E5B4F5B3E3E6B71
:105820004F6B3E1C3E7C3E1C183C7E3C181C577D3A
:10583000571C1C5E7F5E1C00183C1800FFE7C3E786
:10584000FF0018241800FFE7DBE7FF30483A060E98
:105850002629792926407F050507407F05253F5ADF
:105860003CE73C5A7F3E1C1C08081C1C3E7F14224F
:105870007F22145F5F005F5F06097F017F006689FA
:10588000956A606060606094A2FFA29408047E0440
:105890000810207E201008082A1C08081C2A080866
:1058A0001E101010100C1E0C1E0C30383E38300626
:1058B0000E3E0E06000000000000005F0000000722
:1058C000000700147F147F14242A7F2A1223130850
:1058D000646236495620500008070300001C22412C
:1058E000000041221C002A1C7F1C2A08083E0808D0
:1058F0000080703000080808080800006060002080
:10590000100804023E5149453E00427F4000724962
:105910004949462141494D331814127F1027454506
:1059200045393C4A4949314121110907364949491C
:1059300036464949291E000014000000403400008A
:1059400000081422411414141414004122140802F3
:10595000015909063E415D594E7C1211127C7F4966
:105960004949363E414141227F4141413E7F4949BB
:1059700049417F090909013E414151737F080808E7
:105980007F00417F41002040413F017F08142241B8
:105990007F404040407F021C027F7F0408107F3E12
:1059A0004141413E7F090909063E4151215E7F097F
:1059B000192946264949493203017F01033F4040E6
:1059C000403F1F2040201F3F4038403F63140814D1
:1059D0006303047804036159494D43007F41414109
:1059E0000204081020004141417F040201020440EA
:1059F00040404040000307080020545478407F286E
:105A00004444383844444428384444287F38545463
:105A1000541800087E090218A4A49C787F08040486
:105A20007800447D40002040403D007F1028440025
:105A300000417F40007C047804787C0804047838B6
:105A400044444438FC1824241818242418FC7C08E6
:105A5000040408485454542404043F44243C404063
:105A6000207C1C2040201C3C4030403C4428102816
:105A7000444C9090907C4464544C4400083641005F
:105A80000000770000004136080002010204023CD9
:105A90002623263C1EA1A161123A4040207A3854A8
:105AA0005455592155557941225454784221555421
:105AB000784020545579400C1E5272123955555574
:105AC00059395454545939555454580000457C415F
:105AD0000002457D420001457C407D1211127DF09F
:105AE000282528F07C545545002054547C547C0AC9
:105AF000097F4932494949323A4444443A324A4892
:105B000048303A4141217A3A42402078009DA0A095
:105B10007D3D4242423D3D4040403D3C24FF2424E7
:105B2000487E4943662B2FFC2F2BFF0929F620C006
:105B3000887E090320545479410000447D41304857
:105B4000484A32384040227A007A0A0A727D0D199A
:105B5000317D2629292F28262929292630484D40FC
:105B600020380808080808080808382F10C8ACBAF8
:105B70002F102834FA00007B000008142A14222277
:105B8000142A14085500550055AA55AA55AAFF55C0
:105B9000FF55FF000000FF00101010FF0014141448
:105BA000FF001010FF00FF1010F010F0141414FC90
:105BB000001414F700FF0000FF00FF1414F404FCAD
:105BC000141417101F10101F101F1414141F00108E
:105BD0001010F0000000001F101010101F10101007
:105BE00010F010000000FF10101010101010101016
:105BF000FF10000000FF140000FF00FF00001F1056
:105C0000170000FC04F414141710171414F404F40F
:105C10000000FF00F714141414141414F700F71400
:105C20001414171410101F101F141414F41410104F
:105C3000F010F000001F101F0000001F14000000F3
:105C4000FC140000F010F01010FF10FF141414FFEB
:105C5000141010101F00000000F010FFFFFFFFFFE6
:105C6000F0F0F0F0F0FFFFFF0000000000FFFF0F7A
:105C70000F0F0F0F3844443844FC4A4A4A347E021E
:105C8000020606027E027E0263554941633844449F
:105C90003C04407E201E2006027E020299A5E7A554
:105CA000991C2A492A1C4C7201724C304A4D4D30C5
:105CB0003048784830BC625A463D3E494949007EEA
:105CC0000101017E2A2A2A2A2A44445F4444405181
:105CD0004A444040444A51400000FF0103E080FF35
:105CE000000008086B6B083612362436060F090FC1
:105CF00006000018180000001010003040FF0101DD
:105D0000001F01011E00191D1712003C3C3C3C0005
:105D1000000000000000FEFEFEFE3E3E3EFEF8F8E3
:105D2000F8F8F8E0C0000000000000003E3E3E3EF3
:105D30003E00000000000000000000000000000025
:105D4000000000000000000000000000FEFEFEFE5B
:105D5000FE3E3E3E3E3E38F8F8F8E0C0000000004F
:105D600000003E3E3E3E3E000000000000000000FD
:105D70000000000000000000000000000000000023
:105D8000000000E07838000080F0F83C1C1C183857
:105D9000C00000000000FFFFFFFF00000000000047
:105DA0000001FFFFFFFFF80000000000F8F8F8F81E
:105DB000F800000000000000C0E0E0383838383853
:105DC00038E0E0C00000000000000000FFFFFFFF1F
:105DD000FF0000000000C0C0FF3F3F1F00000000A8
:105DE0000000F8F8F8F8F800000000000000C0E03B
:105DF000E0383838383838E0E0C0000000000000F3
:105E00000000000F1C38383C1F0700000078181EE7
:105E10000F0000000000FFFFFFFF00000000000077
:105E20000000F8FFFFFFFF0000000000FFFFFFFF82
:105E3000FF0000000000F8FFFFFFE0E0E0E02020AE
:105E400020213F3F3F38000000000000FFFFFFFF20
:105E5000FF070707070707071FFEF8F8E000000025
:105E60000000FFFFFFFFFF0000000000E0FFFFFF5A
:105E7000E1E0E0E0202020203F3F3F38000000002C
:105E80000000003878F8FCDCDCDCDC9C9C9C0C0C12
:105E90000C0C00000000FFFFFFFFE0E0E0E0E0F896
:105EA000F8FEFF3F1F07000000000000FFFFFFFF9C
:105EB000FF0000000000011F3FFFE0C0C0C0C0C0E5
:105EC000C0E0E0200000000000000000FFFFFFFF36
:105ED000FFE0E0E0E0E0E0F8FEFFFF3F1F00000031
:105EE0000000FFFFFFFFFF0000000000001F3FFF5A
:105EF000F8C0C0C0C0C0C0E0E0200000000000004A
:105F000000000000F0F0F0B0B8B9999D9F9F87871E
:105F1000878300000000010101010101010100006F
:105F2000000000000000000000000000010101016D
:105F3000010000000000000000000001010101015B
:105F4000010000000000000000000000010101014C
:105F5000010101010101000000000000000000003B
:105F6000000001010101010000000000000000002C
:105F7000000001010101010000000000000000001C
:105F800000000000030303030303030303030101F1
:105F900001010000000000000000000000000000FF
:105FA00000000000000000000000000000000000F1
:105FB00000000000000000000000000000000000E1
:105FC00000000000000000000000000000000000D1
:105FD00000000000000000000000000000000000C1
:105FE00000000000000000000000000000000000B1
:105FF00000000000000000000000000000000000A1
:106000000000000000000000000000000000000090
:106010000000000000000000000000000000000080
:106020000000000000000000000000000000000070
:106030000000000000000000000000000000000060
:106040000000000000000000000000000000000050
:106050000000000000000000000000000000000040
:106060000000000000000000000000000000000030
:106070000000000000000000000000000000000020
:106080000000000000000000000000000000000010
:106090000000000000000000000000000000000000
:1060A00000000000000000000000000000000000F0
:1060B00000000000000000000000000000000000E0
:1060C00000000000000000000000000000000000D0
:1060D00000000000000000000000000000000000C0
:1060E00000000000000000000000000000000000B0
:1060F00000000000000000000000000000000000A0
:10610000000000000000000000000000000000008F
:106110000000000000C0F0F8FCFCFEFEFF7F7F7F67
:106120007F7F7F7F7F7F7F7F7F7F7F7F7F7F7F7F7F
:106130007F7F7F7F7F7F7F7F7F7F7F7F7F7F7F7F6F
:106140007F7F7F7F7F7F7F7F7F7F7F7F7F7F7F7F5F
:106150007F7F7F7F7F7F7F7F7F7F7F7F7F7F7F7F4F
:106160007F7F7F7F7F7F7F7F7F7F7F7F7F7F7F7F3F
:106170007F7F7F7F7F7F7F7F7F7F7F7F7F7F7F7F2F
:106180007F7F7F7FFEFEFEFCF8F8E0C0000000008D
:1061900000000000FFFFFFFFFFFFFF010000000005
:1061A00000000000000000000000000000000000EF
:1061B00000000000000000000000000000000000DF
:1061C0000000000000000000F0E0E0C0C08080009F
:1061D00000000000000000000000000000000000BF
:1061E00000000000000000000000000000000000AF
:1061F000000000000000000000000000000000009F
:106200000000000000FFFFFFFFFFFFFF0000000095
:1062100000000000FFFFFFFFFFFFFF000000000085
:10622000000000000000000000000000000000006E
:10623000000000000000000000000000000000005E
:106240000000000000000000FFFFFFFFFFFFFFFF56
:10625000FEFEFCFCF8F8F0F0E0E0C0C0808000003A
:10626000000000000000000000000000000000002E
:10627000000000000000000000000000000000001E
:106280000000000000FFFFFFFFFFFFFFF8F0F0F04D
:10629000F0F0F0F0FFFFFFFFFFFFFF000000000045
:1062A000000101030306060E0E1E1C3C7C7CFCF85C
:1062B000F8F8F8F8F8F0F0F0F0F0E0E0E0E0C0C056
:1062C000C0C0C0C080808080FFFFFFFFFFFFFFFFD6
:1062D000FFFFFFFFFFFFFFFFFFFFFFFFFFFFFFFECF
:1062E000FEFCFCF8F8F0F0E0E0C0C08080000000A8
:1062F000000000000000000000000000000000009E
:106300000000000000FFFFFFFFFFFFFFFFFFFFFF98
:10631000FFFFFFFF00FFFFFFFFFFFF000000000087
:10632000000000000000000000000000000000006D
:106330000101030307070F1F1F3F3F7F7FFFFFFF81
:10634000FFFFFFFFFFFFFFFFFFFFFFFFFFFFFFFF5D
:10635000FFFFFFFFFFFF0303030303070707070711
:106360000F0F0F0F0F1F1F1F1F1F3F3F3F3F3F7E8E
:106370007C7C787870F0E0E0C0C080800000000095
:106380000000000000FFFFFFFFFFFFFFFFFFFFFF18
:10639000FFFFFFFF00FFFFFFFFFFFF000000000007
:1063A00000000000000000000000000000000000ED
:1063B00000000000000000000000000000000001DC
:1063C00001030307070F0F1F1F3F7F7FFFFFFFFF23
:1063D000FFFFFFFFFFFF00000000000000000000C3
:1063E00000000000000000000000000000000000AD
:1063F000000000000000000000000101010000009A
:106400000000000000FFFFFFFFFFFFFF0F0F0F0F57
:106410000F0F0F0F00FFFFFFFFFFFF8000000000C6
:10642000000000000000000000000000000000006C
:10643000000000000000000000000000000000005C
:10644000000000000000000000000000000001014A
:10645000030307070F0F000000000000000000000A
:10646000000000000000000000000000000000002C
:10647000000000000000000000000000000000001C
:106480000000000000FFFFFFFFFFFFFF0000000013
:106490000000000000030F1F3F3F7F7FFFFEFEFE56
:1064A000FEFEFEFEFEFEFEFEFEFEFEFEFEFEFEFE0C
:1064B000FEFEFEFEFEFEFEFEFEFEFEFEFEFEFEFEFC
:1064C000FEFEFEFEFEFEFEFEFEFEFEFEFEFEFEFEEC
:1064D000FEFEFEFEFEFEFEFEFEFEFEFEFEFEFEFEDC
:1064E000FEFEFEFEFEFEFEFEFEFEFEFEFEFEFEFECC
:1064F000FEFEFEFEFEFEFEFEFEFEFEFEFEFEFEFEBC
:10650000FEFEFEFE7F7F7F3F1F1F0703000000008F
:106510000000000000C0F0F8FCFCFEFEFF7F7F7F63
:106520007F7F7F7F7F7F7F7F7F7F7F7F7F7F7F7F7B
:106530007F7F7F7F7F7F7F7F7F7F7F7F7F7F7F7F6B
:106540007F7F7F7F7F7F7F7F7F7F7F7F7F7F7F7F5B
:106550007F7F7F7F7F7F7F7F7F7F7F7F7F7F7F7F4B
:106560007F7F7F7F7F7F7F7F7F7F7F7F7F7F7F7F3B
:106570007F7F7F7F7F7F7F7F7F7F7F7F7F7F7F7F2B
:106580007F7F7F7FFEFEFEFCF8F8E0C00000000089
:1065900000000000FFFFFFFFFFFFFF010000000001
:1065A00000000000000000000000000000000000EB
:1065B00000000000000000000000000000000000DB
:1065C00000000000000000000000000000000000CB
:1065D00000000000000000000000000000000000BB
:1065E00000000000000000000000000000000000AB
:1065F000000000000000000000000000000000009B
:106600000000000000FFFFFFFFFFFFFF0000000091
:1066100000000000FFFFFFFFFFFFFF000000000081
:10662000000000000000000000000000000000006A
:10663000000000000000000000000000000000005A
:10664000000000000000000000000000000000004A
:10665000000000000000000000000000000000003A
:10666000000000000000000000000000000000002A
:10667000000000000000000000000000000000001A
:106680000000000000FFFFFFFFFFFFFFF8F0F0F049
:10669000F0F0F0F0FFFFFFFFFFFFFF000000000041
:1066A00000000000000000000000000000000000EA
:1066B00000000000000000000000000000000000DA
:1066C00000000000000000000000000000000000CA
:1066D00000000000000000000000000000000000BA
:1066E00000000000000000000000000000000000AA
:1066F000000000000000000000000000000000009A
:106700000000000000FFFFFFFFFFFFFFFFFFFFFF94
:10671000FFFFFFFFFFFFFFFFFFFFFF000000000084
:106720000000000000000000000000000000000069
:106730000000000000000000000000000000000059
:106740000000000000000000000000000000000049
:106750000000000000000000000000000000000039
:106760000000000000000000000000000000000029
:106770000000000000000000000000000000000019
:106780000000000000FFFFFFFFFFFFFFFFFFFFFF14
:10679000FFFFFFFFFFFFFFFFFFFFFF000000000004
:1067A00000000000000000000000000000000000E9
:1067B00000000000000000000000000000000000D9
:1067C00000000000000000000000000000000000C9
:1067D00000000000000000000000000000000000B9
:1067E00000000000000000000000000000000000A9
:1067F0000000000000000000000000000000000099
:106800000000000000FFFFFFFFFFFFFF0F0F0F0F53
:106810000F0F0F0FFFFFFFFFFFFFFF8000000000C3
:106820000000000000000000000000000000000068
:106830000000000000000000000000000000000058
:106840000000000000000000000000000000000048
:106850000000000000000000000000000000000038
:106860000000000000000000000000000000000028
:106870000000000000000000000000000000000018
:106880000000000000FFFFFFFFFFFFFF000000000F
:106890000000000000030F1F3F3F7F7FFFFEFEFE52
:1068A000FEFEFEFEFEFEFEFEFEFEFEFEFEFEFEFE08
:1068B000FEFEFEFEFEFEFEFEFEFEFEFEFEFEFEFEF8
:1068C000FEFEFEFEFEFEFEFEFEFEFEFEFEFEFEFEE8
:1068D000FEFEFEFEFEFEFEFEFEFEFEFEFEFEFEFED8
:1068E000FEFEFEFEFEFEFEFEFEFEFEFEFEFEFEFEC8
:1068F000FEFEFEFEFEFEFEFEFEFEFEFEFEFEFEFEB8
:10690000FEFEFEFE7F7F7F3F1F1F0703000000008B
:106910000000000000C0F0F8FCFCFEFEFFFFFFFFDF
:10692000FFFFFFFFFFFFFF7F7F7F7F7F7F7F7F7FF7
:106930007F7F7F7F7F7F7F7F7F7F7F7F7F7F7F7F67
:106940007F7F7F7F7F7F7F7F7F7F7F7F7F7F7F7F57
:106950007F7F7F7F7F7F7F7F7F7F7F7F7F7F7F7F47
:106960007F7F7F7F7F7F7F7F7F7F7F7F7F7F7F7F37
:106970007F7F7F7F7F7F7F7F7FFFFFFFFFFFFFFFA7
:10698000FFFFFFFFFEFEFEFCF8F8E0C00000000085
:1069900000000000FFFFFFFFFFFFFF07070F0F1FB3
:1069A0001F3F3F7F7FFFFFFFFFFEFEFCFCF8F8F07C
:1069B000F0F0E0E0C0C080800000000000000000B7
:1069C00000000000000000000000000000000000C7
:1069D00000000000000000000000000000000000B7
:1069E00000000000000000008080C0C0E0E0E0F097
:1069F000F0F8F8FCFCFEFEFFFFFFFF7F7F3F3F1F2C
:106A00001F0F0F0707FFFFFFFFFFFFFF0000000042
:106A100000000000FFFFFFFFFFFFFF00000000007D
:106A2000000000000000000101030307070F0F0F23
:106A30001F1F3F3F7F7FFFFFFFFFFEFEFCFCF8F8BC
:106A4000F0F0E0E0C0C080808000000000000000A6
:106A500000000000000000008080C0C0E0E0F0F016
:106A6000F8F8FCFCFEFEFFFFFFFF7F7F3F3F1F1F8C
:106A70001F0F0F07070303010100000000000000C3
:106A80000000000000FFFFFFFFFFFFFFF8F0F0F045
:106A9000F0F0F0F0FFFFFFFFFFFFFF00000000003D
:106AA00000000000000000000000000000000000E6
:106AB00000000000000000000101030307070F0FA2
:106AC0001F1F3F3F3F7FFFFFFFFFFFFEFEFCFCF865
:106AD000F8FCFCFEFEFFFFFFFFFF7F7F3F3F1F1F15
:106AE0000F0F070703030101000000000000000072
:106AF0000000000000000000000000000000000096
:106B00000000000000FFFFFFFFFFFFFFFFFFFFFF90
:106B1000FFFFFFFFFFFFFFFFFFFFFF000000000080
:106B20000000000000000000000000000000000065
:106B30000000000000008080C0C0E0E0F0F0F8F845
:106B4000FCFCFCFEFEFFFFFFFF7F7F3F3F1F1F0F90
:106B50000F1F1F3F3F7F7FFFFFFFFFFEFEFEFCFC7E
:106B6000F8F8F0F0E0E0C0C0808000000000000015
:106B70000000000000000000000000000000000015
:106B80000000000000FFFFFFFFFFFFFFFFFFFFFF10
:106B9000FFFFFFFFFFFFFFFFFFFFFF000000000000
:106BA00000000000008080C0C0E0E0F0F0F0F8F8E5
:106BB000FCFCFEFEFFFFFFFF7F7F3F3F1F1F0F0F0D
:106BC00007070303030101000000000000000000AC
:106BD000000000000000000000010101030307079E
:106BE0000F0F1F1F3F3F7F7FFFFFFFFFFEFEFCFCDD
:106BF000F8F8F0F0F0E0E0C0C08080000000000095
:106C00000000000000FFFFFFFFFFFFFF1F0F0F0F3F
:106C10000F0F0F0FFFFFFFFFFFFFFFF0F0F8F8FC73
:106C2000FCFEFEFFFFFFFF7F7F3F3F1F1F0F0F0F89
:106C3000070703030101000000000000000000003E
:106C40000000000000000000000000000000000044
:106C50000000000000000000000000000000000034
:106C6000000000000000000000000101030307070E
:106C7000070F0F1F1F3F3F7F7FFFFFFFFFFEFEFC41
:106C8000FCF8F8F0F0FFFFFFFFFFFFFF000000003F
:106C90000000000000030F1F3F3F7F7FFFFFFFFF4B
:106CA000FFFFFFFFFFFEFEFEFEFEFEFEFEFEFEFEFF
:106CB000FEFEFEFEFEFEFEFEFEFEFEFEFEFEFEFEF4
:106CC000FEFEFEFEFEFEFEFEFEFEFEFEFEFEFEFEE4
:106CD000FEFEFEFEFEFEFEFEFEFEFEFEFEFEFEFED4
:106CE000FEFEFEFEFEFEFEFEFEFEFEFEFEFEFEFEC4
:106CF000FEFEFEFEFEFEFEFEFEFEFEFFFFFFFFFFAF
:106D0000FFFFFFFF7F7F7F3F1F1F07030000000083
:106D10000000000000000000000000000000000073
:106D200080C0C0E0F0F0F8F8FCFCFCFEFEFEFFFFC7
:106D3000FFFFFFFFFFFFFFFFFFFEFEFEFCFCFCF876
:106D4000F8F0F0E0C0C0800000000000000000008B
:106D50000000000000000000000000000000000033
:106D60000000000000000000000000000000000023
:106D70000000000000000000000000000000000013
:106D80000000000000000000000000000000000003
:106D900000000000000000000080E0F0F8FCFE3F72
:106DA0001F0F0707070F1F3F7FFFFFFFFFFFFFFFBB
:106DB000FFFFFFFFFFFFFFFFFFFFFFFFFFFFFF7F63
:106DC0003F1F0F0F0F1F3F7FFEFCF8F0E080000019
:106DD00000000000000000000000000000000000B3
:106DE00000000000000000000000000000000000A3
:106DF0000000000000000000000000000000000093
:106E00000000000000000000000000000000000082
:106E1000000000000000E0FCFFFFFFFFFFFFFFFE9F
:106E2000FCF8F0E0C080000000000103070F1F3FE6
:106E30007FFFFFFFFFFFFFFF7F3F1F0703010000F2
:106E4000000080C0E0F0F8FCFEFFFFFFFFFFFFFC4A
:106E5000E000000000000000000000000000000052
:106E60000000000000000000000000000000000022
:106E70000000000000000000000000000000000012
:106E80000000000000000000000000000000000002
:106E900000000000F8FFFFFFFFFFFFFFFFFFFFFF05
:106EA000FFFFFFFFFFFFFFFEFCF8F0E0C0800000E7
:106EB000000001030703010000000080C0E0F0F8BB
:106EC000FEFFFFFFFFFFFFFFFFFFFFFFFFFFFFFFD3
:106ED000FFFFF800000000000000000000000000BC
:106EE00000000000000000000000000000000000A2
:106EF0000000000000000000000000000000000092
:106F00000000000000000000000000000000000081
:106F1000000000001FFFFFFFFFFFFFFFFFFFFFFF5D
:106F2000FFFFFFFFFFFFFFFFFF7F1F0F07030100B2
:106F30000000008080000000000003070F1F3F7F5B
:106F4000FFFFFFFFFFFFFFFFFFFFFFFFFFFFFFFF51
:106F5000FFFF1F0000000000000000000000000014
:106F60000000000000000000000000000000000021
:106F70000000000000000000000000000000000011
:106F80000000000000000000000000000000000001
:106F9000000000000000073FFFFFFFFFFFFFFFFFB3
:106FA000FF7F3F1F0F0703010000000080C0E0F8D3
:106FB000FCFEFFFFFFFFFEFCF8F0E0C080000000D9
:106FC000000103070F1F3F7FFFFFFFFFFFFFFF3F92
:106FD0000F000000000000000000000000000000A2
:106FE00000000000000000000000000000000000A1
:106FF0000000000000000000000000000000000091
:107000000000000000000000000000000000000080
:1070100000000000000000000001070F1F3F7FFD7F
:10702000F8F0E0C0C0C0E0F0F8FCFEFFFFFFFFFF9B
:10703000FFFFFFFFFFFFFFFFFFFFFFFFFFFFFEFC64
:10704000F8F0E0E0E0F0F8FC7E3F1F0F07010000E1
:107050000000000000000000000000000000000030
:107060000000000000000000000000000000000020
:107070000000000000000000000000000000000010
:107080000000000000000000000000000000000000
:1070900000000000000000000000000000000000F0
:1070A000010307070F0F1F1F3F3F3F7F7F7FFFFF3A
:1070B000FFFFFFFFFFFFFFFFFF7F7F7F3F3F3F1F80
:1070C0001F0F0F0707030100000000000000000071
:1070D00000000000000000000000000000000000B0
:1070E00000000000000000000000000000000000A0
:1070F0000000000000000000000000000000000090
:10710000000000000000000000000000000000007F
:107110000000000000C0F0F8FCFCFEFEFF7F7F7F57
:107120007F7F7F7F7F7F7F7F7F7F7F7F7F7F7F7F6F
:107130007F7F7F7F7F7F7F7F7F7F7F7F7F7F7F7F5F
:107140007F7F7F7F7F7F7F7F7F7F7F7F7F7F7F7F4F
:107150007F7F7F7F7F7F7F7F7F7F7F7F7F7F7F7F3F
:107160007F7F7F7F7F7F7F7F7F7F7F7F7F7F7F7F2F
:107170007F7F7F7F7F7F7F7F7F7F7F7F7F7F7F7F1F
:107180007F7F7FFFFEFEFEFCF8F8E0C000000000FD
:1071900000000000FFFFFFFFFFFFFF0100000000F5
:1071A00000000000000000000000000000000000DF
:1071B00000000000000000000000000000000000CF
:1071C00000000000000000000000000000000000BF
:1071D00000000000000000000000000000000000AF
:1071E0000000000000808080C0C0E0E0F0F0F8F80F
:1071F000F8F8F8FCFC7E7C3C380000000000000041
:107200000000000001FFFFFFFFFFFFFF0000000084
:1072100000000000FFFFFFFFFFFFFF000000000075
:10722000000000000000000000000000000000005E
:10723000000000000000000000000000000000004E
:10724000000000000000000000000000000000003E
:10725000000000000000000080C0E0E0E0F0F8FC6A
:10726000FCFCFEFEFFFFFFFF7F3F3F1F1F0F0707D6
:107270000301010100000000000000000000000008
:107280000000000000FFFFFFFFFFFFFFF8F0F0F03D
:10729000F0F0F0F0FFFFFFFFFFFFFF000000000035
:1072A00000000000000000000000000080808080DE
:1072B000808080808080800000000000000000004E
:1072C0000000000000000000000080C0C0C0E0F02E
:1072D000F8F8F8FCFEFFFFFFFFFFFFFFFF7F3F1FF7
:1072E0000F0F07070301000000000000000000006E
:1072F000000000000000000000000000000000008E
:107300000000000000FFFFFFFFFFFFFFFFFFFFFF88
:10731000FFFFFFFFFFFFFFFFFFFFFF000000000078
:1073200000000000000000000000000307070F1F1E
:107330001F3F3F7FFFFFFFFFFFFFFFFFFEFEFCFC45
:10734000FCFCFCF8F8FCFCFCFEFFFFFFFFFFFFFF6E
:10735000FFFFFFFF7F3F1F1F070703010000000023
:10736000000000000000000000000000000000001D
:10737000000000000000000000000000000000000D
:107380000000000000FFFFFFFFFFFFFFFFFFFFFF08
:10739000FFFFFFFFFFFFFFFFFFFFFF0000000000F8
:1073A00000000000000000000000000000000000DD
:1073B000000000000001010303070F1F1F7F7FFF74
:1073C000FFFFFFFFFFFFFFFFFFFFFFFFFF7F3F1FED
:1073D0000F07010000000000000000000000000096
:1073E000000000000000000000000000000000009D
:1073F000000000000000000000000000000000008D
:107400000000000000FFFFFFFFFFFFFF1F0F0F0F37
:107410000F0F0F0FFFFFFFFFFFFFFF8000000000B7
:10742000000000000000000000000000000000005C
:10743000000000000000000000000000000000004C
:107440000103070F1F3F3F3F3F3F070301000000BD
:10745000000000000000000000000000000000002C
:10746000000000000000000000000000000000001C
:10747000000000000000000000000000000000000C
:107480000000000080FFFFFFFFFFFFFF0000000083
:107490000000000000030F1F3F3F7F7FFFFEFEFE46
:1074A000FEFEFEFEFEFEFEFEFEFEFEFEFEFEFEFEFC
:1074B000FEFEFEFEFEFEFEFEFEFEFEFEFEFEFEFEEC
:1074C000FEFEFEFEFEFEFEFEFEFEFEFEFEFEFEFEDC
:1074D000FEFEFEFEFEFEFEFEFEFEFEFEFEFEFEFECC
:1074E000FEFEFEFEFEFEFEFEFEFEFEFEFEFEFEFEBC
:1074F000FEFEFEFEFEFEFEFEFEFEFEFEFEFEFEFEAC
:10750000FEFEFEFF7F7F7F3F1F1F0703000000007E
:1075100000000000C0C0C0C0C0C0C0C0C0C0C0C06B
:10752000800000000000000000000080C0C0C0C05B
:10753000C0C0C00000000000008080C0C0C0C0C04B
:10754000808000000000000000000000008080C07B
:10755000C0C0C0C08080000000000040C0C0C0C0EB
:10756000C0C0C0C0C0C0C0000000000000000000DB
:10757000000000000000000000000080C0C0C0E06B
:10758000E0E0E0E0E0C0C0C080800000000000005B
:107590000000000001073FFFFFFFFFFFFFFFFFFFAD
:1075A000FFFCF0900000000080E0FCFFFFFFFF7F89
:1075B0000F030080E0F8FCFEFFFFFFFFFFFFFFFF6F
:1075C000FFFFFFFEFCF8E080E0F8FCFEFFFFFFFF9E
:1075D000FFFFFFFFFFFFFFFEFCF8E00000031FFFBF
:1075E000FFFFFFFFFFFFFF000000000000000000A2
:1075F0000000000080E0F0FCFEFFFFFFFF7F7FFF48
:10760000FFFFFFFFFF3F7FFFFFFFFFFEFCF8F0C023
:107610000000000000000000073FFFFFFFFFFFFF2A
:10762000FFFFFFFFFCE0E0FCFFFFFFFFFFFFFF00AD
:107630000000F8FFFFFFFFFFFFFFFFFFFFFFFFFF5F
:10764000FFFFFFFFFFFFFFFFFFFFFFFFFFFFFFFF4A
:10765000FFFFFFFFFFFFFFFFFFFFFFFFE000000056
:10766000FFFFFFFFFFFFFF00000000000000000021
:1076700000C0F8FFFFFFFFFF3F0F0301000000FF06
:10768000FFFFFFFFFF0000000103071FFFFFFFFFD9
:10769000FFFCE00000000000000000071FFFFFFFEC
:1076A000FFFFFFFFFFFFFFFFFFFFFFFFFFFFFF00E9
:1076B0000000037FFFFFFFFFFFFFFFFFFFFFFFFF54
:1076C000FFFFFFFFFFFFFFFFFFFFFFFFFFFFFFFFCA
:1076D000FFFFFFFFFFFFFFFFFFFFFF3F010000E095
:1076E000FFFFFFFFFFFFFF000000000000000000A1
:1076F000E0FFFFFFFFFFFF0100000000C0E0F8FF18
:10770000FFFFFFFFFFF8F0C00000000000FFFFFFD9
:10771000FFFFFFFC00000000000000000000031F4E
:10772000FFFFFFFFFFFFFFFFFFFFFFFF1F03000043
:107730000000000001070F3F7FFFFFFFFFFFFFFF7B
:10774000FFFFFFFFFFFFFFFFFFFFFFFFFFFFFFFF49
:10775000FFFFFFFFFFFF7F3F0F070180E0F8FEFF05
:10776000FFFFFFFFFFFFFF00000000000000000020
:1077700003FFFFFFFFFFFFC0F0F8FEFFFFFFFFFF6B
:10778000FFFFFFFFFF7FFFFFFFFEFCF0E0FFFFFFBB
:10779000FFFFFF1F000000000000000000000000CD
:1077A000FFFFFFFFFFFFFFFFFFFFFFFF00000000E5
:1077B000000000000000000000000103070F1F3F51
:1077C000FFFFFFFFFFFFFFFFFFFFFFFFFFFF7F3F09
:1077D0001F0F070301000000000000FFFFFFFFFF75
:1077E000FFFFFFFFFFFFFFFCFCFCFCFCFCFCFCFCC4
:1077F000E0010F7FFFFFFFFFFFFFFFCF870100FFCB
:10780000FFFFFFFFFF0001838FFFFFFFFFFFFFFF71
:107810007F1F0300000000000000000000000000C7
:10782000FFFFFFFFFFFFFFFFFFFFFFFF0000000064
:107830000000000000000000000000000000000048
:107840000001030F3FFFFFFFFFFF3F0F0301000099
:107850000000000000000000000000FFFFFFFFFF2D
:10786000FFFFFFFFFFFFFFFFFFFFFFFFFFFFFFFF28
:10787000FFFFF8F0C1030F1F3F7F7FFFFFFFFFFFF8
:10788000FFFFFFFFFFFEFFFFFFFF7F3F1F0F07010F
:1078900000000000000000000000000000000000E8
:1078A00001010101010101010101010100000000CC
:1078B00000000000000000000000000000000000C8
:1078C000000000000000030F0300000000000000A3
:1078D00000000000000000000000000101010101A3
:1078E0000101010101010101010101010101010188
:1078F000010101010101000000000000010101037C
:107900000303030303010101000000000000000065
:10791000000000005245454E54206D616C6C6F6351
:1079200020737563636565646564002F566F6C75BD
:107930006D65732F646174612F6A656E6B696E7318
:107940002F776F726B73706163652F474E552D747F
:107950006F6F6C636861696E2F61726D2D31352FA9
:107960007372632F6E65776C69622D6379677769CF
:107970006E2F6E65776C69622F6C6962632F73740A
:1079800072696E672F737472746F6B2E63002C2094
:1079900066756E6374696F6E3A2000617373657209
:1079A00074696F6E2022257322206661696C65649C
:1079B0003A2066696C6520222573222C206C696E42
:1079C00065202564257325730A00232D302B2000A4
:1079D000686C4C0065666745464700303132333489
:1079E0003536373839414243444546003031323329
:1079F00034353637383961626364656600412D4637
:107A0000612D66383930313233343536375D002BED
:107A10002D00303000785800002020202020202029
:107A2000202028282828282020202020202020202E
:107A3000202020202020202020881010101010103E
:107A4000101010101010101010040404040404048A
:107A50000404041010101010101041414141414124
:107A60000101010101010101010101010101010106
:107A70000101010110101010101042424242424216
:107A800002020202020202020202020202020202D6
:107A9000020202021010101020000000000000007E
:107AA00000000000000000000000000000000000D6
:107AB00000000000000000000000000000000000C6
:107AC00000000000000000000000000000000000B6
:107AD00000000000000000000000000000000000A6
:107AE0000000000000000000000000000000000096
:107AF0000000000000000000000000000000000086
:107B00000000000000000000000000000000000075
:0C7B100000000000000000000000000069
:087B1C00D0ACFE7F0100000067
:047B24001929000813
:047B2800F128000838
:107B2C0000127A00020000000200000009000000B0
:107B3C000000000009000000000000000900000027
:107B4C0000000000010000006400000001000000C3
:107B5C000000000003000000F45E00204000002044
:107B6C0000000000F45E00205C5F0020C45F002079
:107B7C0000000000000000000000000000000000F9
:107B8C0000000000000000000000000000000000E9
:107B9C0000000000000000000000000000000000D9
:0C7BAC00000000000000000000000000CD
:0400000508010B6182
:00000001FF
